,open,high,low,close,tick_volume,real_volume,spread,ema_200,ema_117,ema_50,atr,atr_sma_5,atr_sma_200,heikin_close,heikin_open,heikin_high,heikin_low,s_heikin_em_v1_sell,s_heikin_em_v1_sell_results,s_heikin_em_v1_sell_end,s_heikin_em_v1_sell_enter,s_heikin_em_v1_sell_stop,s_heikin_em_v1_buy,s_heikin_em_v1_buy_results,s_heikin_em_v1_buy_end,s_heikin_em_v1_buy_enter,s_heikin_em_v1_buy_stop
2022-03-15 10:16:00,1.30323,1.30325,1.3023,1.30258,198,0,0,1.30361,1.3036,1.30349,0.00041,0.00037,0.00024,1.30284,1.3035070367000756,1.3035070367000756,1.3023,1.0,sell break even,2022-03-15 11:01:00,1.303175,1.30409,,,,,
2022-03-15 11:04:00,1.30298,1.30304,1.30269,1.3027,116,0,0,1.30321,1.30302,1.30272,0.00031,0.0003,0.00029,1.30285,1.3030196397821872,1.30304,1.30269,1.0,sell lose,2022-03-15 11:40:00,1.3026499999999999,1.30332,,,,,
2022-03-16 13:04:00,1.30634,1.30656,1.30617,1.30656,95,0,0,1.30607,1.30624,1.30626,0.00025,0.00023,0.00027,1.30641,1.3059647880761638,1.30656,1.3059647880761638,,,,,,1.0,buy win_3,2022-03-16 13:07:00,1.306025,1.30546
2022-03-16 13:07:00,1.30717,1.30767,1.30716,1.30763,111,0,0,1.3061,1.30629,1.30637,0.00029,0.00026,0.00028,1.30741,1.3067718485095203,1.30767,1.3067718485095203,,,,,,1.0,buy win_3,2022-03-16 13:38:00,1.3067700000000002,1.3058400000000001
2022-03-16 14:26:00,1.30834,1.30849,1.30833,1.30844,44,0,0,1.3076,1.30821,1.30878,0.00024,0.00025,0.00026,1.3084,1.308272635150752,1.30849,1.308272635150752,,,,,,1.0,buy break even,2022-03-16 14:40:00,1.30852,1.30806
2022-03-16 14:49:00,1.3084,1.30874,1.3084,1.30874,84,0,0,1.30784,1.30838,1.30874,0.00028,0.00029,0.00026,1.30857,1.3083904391279977,1.30874,1.3083904391279977,,,,,,1.0,buy break even,2022-03-16 15:09:00,1.30877,1.30827
2022-03-16 15:21:00,1.30844,1.30867,1.30844,1.30859,55,0,0,1.30814,1.30862,1.30886,0.00028,0.00029,0.00026,1.30854,1.3083989244499616,1.30867,1.3083989244499616,,,,,,1.0,buy lose,2022-03-16 15:32:00,1.3087,1.30817
2022-03-16 16:16:00,1.31016,1.31143,1.31006,1.3114,308,0,0,1.30835,1.30863,1.30865,0.00049,0.00039,0.00027,1.31076,1.309214204046781,1.31143,1.309214204046781,,,,,,1.0,buy break even,2022-03-16 16:36:00,1.3094999999999999,1.30754
2022-03-16 16:49:00,1.30877,1.30909,1.30858,1.30907,188,0,0,1.30879,1.30914,1.30935,0.0005,0.0005,0.0003,1.30888,1.3086279480462817,1.30909,1.30858,,,,,,1.0,buy break even,2022-03-16 16:51:00,1.308505,1.30789
2022-03-16 16:55:00,1.30944,1.30952,1.30923,1.30943,165,0,0,1.3088,1.30914,1.3093,0.00048,0.00049,0.00031,1.3094,1.3090029366882232,1.30952,1.3090029366882232,,,,,,1.0,buy win_3,2022-03-16 17:00:00,1.308975,1.3084
2022-03-16 17:05:00,1.31071,1.31082,1.31044,1.31075,235,0,0,1.30894,1.3093,1.3096,0.00054,0.00055,0.00032,1.31068,1.3103158231803596,1.31082,1.3103158231803596,,,,,,1.0,buy break even,2022-03-16 17:08:00,1.30992,1.30899
2022-03-16 17:59:00,1.30964,1.30983,1.30952,1.30952,166,0,0,1.30947,1.30984,1.31005,0.00039,0.00037,0.00036,1.30963,1.309259154558394,1.30983,1.309259154558394,,,,,,1.0,buy win_3,2022-03-16 18:32:00,1.309255,1.30865
2022-03-17 09:40:00,1.31663,1.31678,1.31663,1.31675,53,0,0,1.31626,1.31658,1.31695,0.00021,0.00022,0.00018,1.3167,1.3165904042446104,1.31678,1.3165904042446104,,,,,,1.0,buy win_3,2022-03-17 09:58:00,1.31681,1.31636
2022-03-18 19:23:00,1.31758,1.31785,1.31757,1.3178,53,0,0,1.31661,1.31743,1.31809,0.00021,0.0002,0.00027,1.3177,1.3175059600183303,1.31785,1.3175059600183303,,,,,,1.0,buy win_3,2022-03-18 19:51:00,1.31788,1.31736
2022-03-22 16:27:00,1.32498,1.32516,1.32498,1.32516,67,0,0,1.32392,1.32504,1.32569,0.00034,0.00036,0.00031,1.32507,1.3249668452411218,1.32516,1.3249668452411218,,,,,,1.0,buy break even,2022-03-22 16:42:00,1.3251899999999999,1.32469
2022-03-23 15:12:00,1.31921,1.31921,1.31883,1.31903,153,0,0,1.32075,1.31992,1.3194,0.00036,0.00033,0.00028,1.31907,1.319751916372962,1.319751916372962,1.31883,1.0,sell win_3,2022-03-23 15:59:00,1.31948,1.32017,,,,,
2022-03-24 09:01:00,1.31963,1.31973,1.31951,1.31973,85,0,1,1.31912,1.31916,1.31938,0.00031,0.00029,0.00016,1.31965,1.3192201598009534,1.31973,1.3192201598009534,,,,,,1.0,buy break even,2022-03-24 09:06:00,1.319235,1.31871
2022-03-24 09:10:00,1.31941,1.31953,1.31939,1.31953,59,0,1,1.31915,1.31919,1.31939,0.00027,0.00029,0.00016,1.31946,1.3192990042183612,1.31953,1.3192990042183612,,,,,,1.0,buy break even,2022-03-24 09:30:00,1.31956,1.31904
2022-03-24 10:21:00,1.31863,1.31868,1.31824,1.31846,137,0,0,1.31911,1.31905,1.3188,0.00036,0.00034,0.00021,1.3185,1.3189061279043195,1.3189061279043195,1.31824,1.0,sell win_3,2022-03-24 10:29:00,1.318755,1.31931,,,,,
2022-03-24 10:47:00,1.31871,1.31872,1.31836,1.31839,121,0,1,1.31896,1.31884,1.31862,0.00032,0.00032,0.00024,1.31854,1.31879543796012,1.31879543796012,1.31836,1.0,sell win_3,2022-03-24 10:51:00,1.31868,1.31904,,,,,
2022-03-24 13:25:00,1.31892,1.31931,1.31892,1.31928,63,0,1,1.31848,1.31867,1.31917,0.00022,0.0002,0.00028,1.31911,1.3188521175560537,1.31931,1.3188521175560537,,,,,,1.0,buy win_3,2022-03-24 13:30:00,1.31897,1.3186
2022-03-24 13:43:00,1.32006,1.32049,1.31989,1.32037,165,0,0,1.31877,1.31909,1.31972,0.00053,0.00047,0.00028,1.3202,1.3198686132893278,1.32049,1.3198686132893278,,,,,,1.0,buy break even,2022-03-24 14:31:00,1.319245,1.31797
2022-03-24 15:33:00,1.31803,1.31823,1.31791,1.31812,130,0,0,1.31909,1.31908,1.31872,0.00031,0.0003,0.00031,1.31807,1.3183874062638563,1.3183874062638563,1.31791,1.0,sell break even,2022-03-24 15:47:00,1.3185099999999998,1.31915,,,,,
2022-03-25 12:25:00,1.31722,1.31727,1.31702,1.31702,46,0,1,1.31794,1.31732,1.31698,0.00018,0.00017,0.00025,1.31713,1.3173237790509045,1.3173237790509045,1.31702,2.0,,1970-01-01 00:00:00,1.31698,1.31749,,,,,
2022-03-25 12:26:00,1.31702,1.31726,1.31702,1.31717,37,0,1,1.31793,1.31732,1.31698,0.00018,0.00017,0.00025,1.31712,1.3172268895254522,1.31726,1.31702,2.0,,1970-01-01 00:00:00,1.31698,1.31749,,,,,
2022-03-25 16:33:00,1.32004,1.32038,1.32003,1.32032,153,0,0,1.31903,1.31907,1.31909,0.00034,0.00034,0.00026,1.32019,1.319815991423862,1.32038,1.319815991423862,,,,,,1.0,buy win_3,2022-03-25 16:38:00,1.319695,1.31898
2022-03-28 13:22:00,1.31384,1.31408,1.31381,1.31399,101,0,0,1.31428,1.31405,1.31382,0.00025,0.00024,0.00031,1.31393,1.3141217452920366,1.3141217452920366,1.31381,2.0,,1970-01-01 00:00:00,1.3137699999999999,1.31441,,,,,
2022-03-29 12:14:00,1.30753,1.30758,1.30728,1.30745,161,0,1,1.30897,1.30851,1.30759,0.00055,0.00057,0.0003,1.30746,1.3077394574570471,1.3077394574570471,1.30728,1.0,sell lose,2022-03-29 12:17:00,1.3079399999999999,1.30864,,,,,
2022-03-29 12:21:00,1.30842,1.30857,1.30822,1.30823,165,0,0,1.30894,1.30851,1.30781,0.00052,0.00054,0.00031,1.30836,1.3086537457613832,1.3086537457613832,1.30822,1.0,sell break even,2022-03-29 12:30:00,1.3086099999999998,1.30904,,,,,
2022-03-30 11:34:00,1.31228,1.3124,1.31207,1.3124,142,0,1,1.31193,1.31224,1.3125,0.00033,0.00033,0.00029,1.31229,1.312145295542846,1.3124,1.31207,,,,,,1.0,buy win_3,2022-03-30 11:37:00,1.312065,1.3117
2022-03-30 11:37:00,1.31244,1.31327,1.31244,1.31318,162,0,0,1.31195,1.31226,1.31252,0.00035,0.00033,0.00029,1.31283,1.3123369119428558,1.31327,1.3123369119428558,,,,,,1.0,buy lose,2022-03-30 11:41:00,1.31267,1.31204
2022-03-30 11:45:00,1.31241,1.31287,1.31241,1.31283,112,0,0,1.312,1.31231,1.31254,0.00039,0.00039,0.0003,1.31263,1.3123726051247768,1.31287,1.3123726051247768,,,,,,1.0,buy win_3,2022-03-30 11:48:00,1.312425,1.31195
2022-03-30 11:48:00,1.31296,1.31367,1.31296,1.31366,170,0,0,1.31204,1.31235,1.31261,0.0004,0.00039,0.0003,1.31331,1.3127828256405971,1.31367,1.3127828256405971,,,,,,1.0,buy win_3,2022-03-30 12:22:00,1.3129749999999998,1.31225
2022-03-30 15:31:00,1.3152,1.31535,1.31505,1.31526,114,0,0,1.31474,1.3152,1.31554,0.00035,0.00035,0.00029,1.31522,1.3149544570406575,1.31535,1.3149544570406575,,,,,,1.0,buy win_3,2022-03-30 15:45:00,1.314975,1.31457
2022-03-30 15:59:00,1.3157,1.31591,1.31569,1.31589,109,0,0,1.31494,1.31534,1.31556,0.00038,0.00039,0.00031,1.3158,1.3156196711743418,1.31591,1.3156196711743418,,,,,,1.0,buy break even,2022-03-30 16:04:00,1.315575,1.31521
2022-03-30 16:08:00,1.31547,1.31575,1.31547,1.31571,90,0,1,1.31499,1.31537,1.31557,0.00035,0.00036,0.00031,1.3156,1.3154181634202624,1.31575,1.3154181634202624,,,,,,1.0,buy lose,2022-03-30 16:10:00,1.31578,1.31519
2022-03-30 16:15:00,1.31535,1.31566,1.3153,1.31559,108,0,1,1.31501,1.31536,1.3155,0.00037,0.00037,0.00031,1.31548,1.3152198294017208,1.31566,1.3152198294017208,,,,,,1.0,buy win_3,2022-03-30 16:20:00,1.31529,1.3148900000000001
2022-03-30 16:33:00,1.31577,1.31591,1.31574,1.31579,149,0,0,1.31513,1.31545,1.3156,0.00036,0.00038,0.00032,1.3158,1.315663665389364,1.31591,1.315663665389364,,,,,,1.0,buy lose,2022-03-30 16:36:00,1.3159399999999999,1.3153000000000001
2022-03-30 16:38:00,1.31576,1.31579,1.31551,1.31574,157,0,0,1.31515,1.31546,1.3156,0.00039,0.00037,0.00032,1.3157,1.3155007395434175,1.31579,1.3155007395434175,,,,,,1.0,buy win_3,2022-03-30 16:41:00,1.31543,1.31504
2022-03-30 16:41:00,1.31629,1.31687,1.31628,1.31664,163,0,0,1.31518,1.3155,1.31567,0.00039,0.00039,0.00032,1.31652,1.3159025924429273,1.31687,1.3159025924429273,,,,,,1.0,buy break even,2022-03-30 18:41:00,1.31597,1.31504
2022-03-31 12:12:00,1.31253,1.31263,1.31247,1.31259,88,0,0,1.31285,1.31277,1.31244,0.00026,0.00026,0.00027,1.31256,1.312692041492076,1.312692041492076,1.31247,1.0,sell break even,2022-03-31 12:32:00,1.31243,1.31309,,,,,
2022-03-31 12:41:00,1.31233,1.31242,1.31224,1.31225,70,0,0,1.31273,1.31261,1.31238,0.00033,0.00034,0.00028,1.31231,1.3124416967471912,1.3124416967471912,1.31224,1.0,sell break even,2022-03-31 13:00:00,1.3122,1.3127,,,,,
2022-03-31 13:14:00,1.31246,1.31249,1.31239,1.3124,81,0,0,1.31257,1.31243,1.31229,0.00024,0.00025,0.00028,1.31244,1.3126242434754796,1.3126242434754796,1.31239,1.0,sell break even,2022-03-31 13:35:00,1.31235,1.31288,,,,,
2022-03-31 13:44:00,1.31233,1.31247,1.31227,1.31235,125,0,0,1.31251,1.31239,1.31233,0.00026,0.00027,0.00028,1.31236,1.3124863162241915,1.3124863162241915,1.31227,1.0,sell lose,2022-03-31 13:53:00,1.31223,1.31274,,,,,
2022-03-31 15:27:00,1.31284,1.31292,1.31253,1.31254,96,0,0,1.31265,1.31264,1.3126,0.00027,0.00026,0.00028,1.31271,1.312947597794413,1.312947597794413,1.31253,1.0,sell lose,2022-03-31 15:31:00,1.31249,1.31317,,,,,
2022-03-31 15:43:00,1.31356,1.31358,1.31313,1.31315,133,0,1,1.31272,1.31275,1.31285,0.00034,0.00031,0.00028,1.31336,1.3131162664428375,1.31358,1.3131162664428375,,,,,,1.0,buy break even,2022-03-31 16:11:00,1.3131599999999999,1.31271
2022-03-31 17:44:00,1.31379,1.31485,1.31379,1.31481,172,0,0,1.31284,1.31287,1.31292,0.00045,0.00041,0.00035,1.31431,1.313575779392207,1.31485,1.313575779392207,,,,,,1.0,buy win_3,2022-03-31 17:58:00,1.313805,1.31273
2022-04-01 09:33:00,1.31302,1.31303,1.31285,1.31291,79,0,1,1.31326,1.31322,1.31315,0.00019,0.00019,0.00013,1.31295,1.3131554283865563,1.3131554283865563,1.31285,1.0,sell win_3,2022-04-01 10:03:00,1.31281,1.3133700000000001,,,,,
2022-04-01 10:23:00,1.31188,1.31197,1.31175,1.31178,130,0,1,1.31279,1.31254,1.31214,0.00027,0.00028,0.00016,1.31184,1.3120699748348916,1.3120699748348916,1.31175,1.0,sell break even,2022-04-01 10:41:00,1.312165,1.3126200000000001,,,,,
2022-04-01 10:52:00,1.31267,1.3127,1.31254,1.31257,104,0,0,1.31262,1.31238,1.31218,0.00026,0.00025,0.00018,1.31262,1.312716553647835,1.312716553647835,1.31254,1.0,sell break even,2022-04-01 11:07:00,1.3125,1.31314,,,,,
2022-04-01 11:11:00,1.31225,1.31228,1.31224,1.31225,48,0,0,1.31255,1.31234,1.31221,0.00025,0.00027,0.0002,1.31226,1.3123842005473207,1.3123842005473207,1.31224,1.0,sell break even,2022-04-01 11:21:00,1.3122,1.31271,,,,,
2022-04-01 11:29:00,1.31245,1.31253,1.31238,1.31242,85,0,1,1.3125,1.31231,1.31223,0.00027,0.00028,0.00021,1.31244,1.3125173578041096,1.31253,1.31238,1.0,sell lose,2022-04-01 11:59:00,1.31234,1.31283,,,,,
2022-04-01 17:22:00,1.31003,1.31019,1.30991,1.31016,162,0,0,1.31132,1.31072,1.31018,0.00033,0.00032,0.00028,1.31007,1.3105115406949277,1.3105115406949277,1.30991,1.0,sell win_3,2022-04-01 17:30:00,1.31039,1.31091,,,,,
2022-04-04 10:13:00,1.31339,1.31369,1.31335,1.31358,100,0,0,1.31228,1.31255,1.31283,0.00026,0.00025,0.00014,1.3135,1.3131227081398935,1.31369,1.3131227081398935,,,,,,1.0,buy lose,2022-04-04 10:48:00,1.313115,1.31251
2022-04-04 10:56:00,1.31249,1.31278,1.31249,1.31271,99,0,1,1.31252,1.31276,1.31288,0.00024,0.00025,0.00017,1.31262,1.3124570425679971,1.31278,1.3124570425679971,,,,,,1.0,buy lose,2022-04-04 11:01:00,1.31281,1.31223
2022-04-04 12:14:00,1.31218,1.31221,1.31215,1.31215,37,0,0,1.31226,1.3122,1.31199,0.00021,0.00022,0.00023,1.31217,1.312231551843734,1.312231551843734,1.31215,1.0,sell lose,2022-04-04 12:22:00,1.3121099999999999,1.31239,,,,,
2022-04-04 12:29:00,1.3119,1.31197,1.31176,1.31177,39,0,1,1.31223,1.31217,1.31201,0.00022,0.00021,0.00023,1.31185,1.3119900269028273,1.3119900269028273,1.31176,1.0,sell lose,2022-04-04 13:06:00,1.31172,1.31224,,,,,
2022-04-05 09:34:00,1.31231,1.31231,1.31219,1.31229,84,0,1,1.3122,1.3124,1.31249,0.00018,0.00018,0.00013,1.31228,1.312200887057488,1.31231,1.31219,,,,,,1.0,buy win_3,2022-04-05 09:45:00,1.31234,1.31197
2022-04-05 13:16:00,1.31357,1.31358,1.31338,1.31343,87,0,0,1.31318,1.31338,1.3136,0.00022,0.00021,0.00025,1.31349,1.3133180086751786,1.31358,1.3133180086751786,,,,,,1.0,buy lose,2022-04-05 13:27:00,1.31361,1.31311
2022-04-05 14:59:00,1.31326,1.31348,1.31325,1.31345,69,0,1,1.31308,1.3131,1.31311,0.00018,0.00016,0.00022,1.31336,1.3129619459876298,1.31348,1.3129619459876298,,,,,,1.0,buy win_3,2022-04-05 15:12:00,1.313115,1.31272
2022-04-05 16:00:00,1.31366,1.31385,1.31366,1.31376,87,0,1,1.31326,1.31333,1.31339,0.00024,0.00024,0.00021,1.31373,1.3134677149920089,1.31385,1.3134677149920089,,,,,,1.0,buy win_3,2022-04-05 16:34:00,1.31388,1.3132
2022-04-05 18:00:00,1.31302,1.31306,1.31266,1.31278,154,0,0,1.31366,1.31355,1.31298,0.00044,0.00044,0.00028,1.31288,1.3131133645509572,1.3131133645509572,1.31266,1.0,sell win_3,2022-04-05 18:13:00,1.31311,1.3136,,,,,
2022-04-06 09:50:00,1.30617,1.30627,1.30616,1.30619,78,0,1,1.30644,1.3062,1.3059,0.00023,0.00024,0.00015,1.3062,1.306262698443298,1.30627,1.30616,1.0,sell break even,2022-04-06 10:00:00,1.30612,1.30648,,,,,
2022-04-06 14:41:00,1.30798,1.30799,1.30785,1.30792,69,0,0,1.3082,1.30817,1.30787,0.00018,0.00018,0.00024,1.30794,1.3081127270193558,1.3081127270193558,1.30785,1.0,sell break even,2022-04-06 14:54:00,1.30781,1.3083200000000001,,,,,
2022-04-07 13:39:00,1.30787,1.30794,1.30778,1.30778,65,0,0,1.30817,1.30805,1.30798,0.00016,0.00016,0.00023,1.30784,1.3079955077476295,1.3079955077476295,1.30778,1.0,sell win_3,2022-04-07 13:55:00,1.30774,1.30821,,,,,
2022-04-07 16:49:00,1.30782,1.30783,1.30734,1.30751,173,0,0,1.30775,1.30765,1.30761,0.00029,0.00027,0.00026,1.30762,1.3081081317856396,1.3081081317856396,1.30734,1.0,sell win_3,2022-04-07 17:00:00,1.3078750000000001,1.3084500000000001,,,,,
2022-04-07 17:39:00,1.3071,1.3071,1.30699,1.307,101,0,0,1.30741,1.30722,1.30708,0.0003,0.00031,0.00028,1.30705,1.307443421378043,1.307443421378043,1.30699,1.0,sell win_3,2022-04-07 17:47:00,1.3073649999999999,1.30778,,,,,
2022-04-07 18:06:00,1.30678,1.30686,1.30668,1.30672,123,0,0,1.30721,1.30698,1.30676,0.00031,0.00032,0.00029,1.30676,1.306840606675248,1.30686,1.30668,1.0,sell win_3,2022-04-07 18:34:00,1.30664,1.30706,,,,,
2022-04-07 18:52:00,1.30611,1.30625,1.30605,1.30621,68,0,1,1.30681,1.30651,1.3062,0.00024,0.00023,0.00029,1.30616,1.3064019447993216,1.3064019447993216,1.30605,1.0,sell win_3,2022-04-07 19:19:00,1.3063850000000001,1.3067600000000001,,,,,
2022-04-08 09:38:00,1.30639,1.30639,1.30623,1.30626,81,0,1,1.3066,1.30652,1.30641,0.00018,0.00018,0.00012,1.30632,1.306451933547744,1.306451933547744,1.30623,1.0,sell win_3,2022-04-08 09:45:00,1.30619,1.30661,,,,,
2022-04-08 12:28:00,1.30459,1.30467,1.30457,1.3046,49,0,0,1.30466,1.30437,1.30427,0.0002,0.00021,0.00022,1.30461,1.3046865847499514,1.3046865847499514,1.30457,1.0,sell break even,2022-04-08 13:12:00,1.30453,1.3050300000000001,,,,,
2022-04-08 16:04:00,1.3022,1.30229,1.30216,1.3022,66,0,0,1.30313,1.30267,1.30218,0.0003,0.00031,0.0002,1.30221,1.3023358232554678,1.3023358232554678,1.30216,1.0,sell win_3,2022-04-08 16:25:00,1.30212,1.3027900000000001,,,,,
2022-04-08 17:26:00,1.30035,1.30055,1.30032,1.30042,106,0,1,1.30135,1.30057,1.29994,0.00029,0.0003,0.00025,1.30041,1.3006421290193138,1.3006421290193138,1.30032,1.0,sell lose,2022-04-08 17:29:00,1.3002799999999999,1.30087,,,,,
2022-04-11 09:16:00,1.30085,1.301,1.30043,1.30045,196,0,0,1.30162,1.30155,1.30154,0.00029,0.00028,0.00014,1.30068,1.3010646838981663,1.3010646838981663,1.30043,1.0,sell win_3,2022-04-11 09:21:00,1.301,1.30161,,,,,
2022-04-12 10:29:00,1.30087,1.30103,1.30076,1.30092,99,0,1,1.30164,1.30135,1.30099,0.0003,0.0003,0.00018,1.30089,1.3011135434867898,1.3011135434867898,1.30076,1.0,sell break even,2022-04-12 10:49:00,1.30112,1.30152,,,,,
2022-04-12 10:57:00,1.30141,1.30156,1.30131,1.30134,130,0,1,1.30153,1.3013,1.30116,0.00029,0.00029,0.00021,1.3014,1.3016930364461374,1.3016930364461374,1.30131,1.0,sell win_3,2022-04-12 11:04:00,1.301625,1.3019800000000001,,,,,
2022-04-12 11:04:00,1.30099,1.30099,1.30046,1.30052,108,0,1,1.30151,1.30128,1.30116,0.00031,0.00029,0.00021,1.30074,1.301261976847235,1.301261976847235,1.30046,1.0,sell break even,2022-04-12 11:21:00,1.30099,1.30156,,,,,
2022-04-12 11:32:00,1.30104,1.30111,1.30097,1.30097,75,0,1,1.30136,1.30114,1.30101,0.00024,0.00025,0.00024,1.30102,1.3010901443065777,1.30111,1.30097,1.0,sell lose,2022-04-12 11:36:00,1.30093,1.30131,,,,,
2022-04-12 11:38:00,1.30113,1.30116,1.30082,1.30082,78,0,1,1.30134,1.30113,1.30102,0.00025,0.00025,0.00024,1.30098,1.3011754710047905,1.3011754710047905,1.30082,1.0,sell break even,2022-04-12 11:55:00,1.30078,1.30141,,,,,
2022-04-12 15:31:00,1.30341,1.30376,1.30289,1.30297,370,0,1,1.30137,1.30149,1.3016,0.00042,0.00027,0.00021,1.30326,1.3015673196534483,1.30376,1.3015673196534483,,,,,,1.0,buy break even,2022-04-12 15:36:00,1.30224,1.3006900000000001
2022-04-13 15:50:00,1.30052,1.30058,1.30032,1.30033,75,0,1,1.30045,1.30044,1.30033,0.00029,0.0003,0.00023,1.30044,1.3006077933881794,1.3006077933881794,1.30032,1.0,sell win_3,2022-04-13 15:57:00,1.300655,1.3010300000000001,,,,,
2022-04-13 15:57:00,1.30008,1.30008,1.29963,1.29964,100,0,1,1.30044,1.30042,1.30032,0.00031,0.00029,0.00024,1.29986,1.3003306858858452,1.3003306858858452,1.29963,1.0,sell break even,2022-04-13 16:03:00,1.300205,1.30082,,,,,
2022-04-13 16:08:00,1.3003,1.3003,1.29998,1.29999,87,0,0,1.3004,1.30036,1.30023,0.0003,0.00031,0.00024,1.30014,1.3003433841239675,1.3003433841239675,1.29998,1.0,sell lose,2022-04-13 16:17:00,1.2999399999999999,1.30063,,,,,
2022-04-13 16:23:00,1.3001,1.30011,1.29986,1.30002,109,0,0,1.30038,1.30033,1.30023,0.0003,0.0003,0.00025,1.30002,1.3003726923640175,1.3003726923640175,1.29986,1.0,sell break even,2022-04-13 16:34:00,1.300275,1.30073,,,,,
2022-04-14 09:33:00,1.31388,1.3139,1.31372,1.31389,59,0,1,1.31365,1.3138,1.31385,0.0002,0.0002,0.00012,1.31385,1.3137859564724623,1.3139,1.31372,,,,,,1.0,buy break even,2022-04-14 09:58:00,1.31393,1.31353
2022-04-14 12:34:00,1.31376,1.31399,1.31373,1.31392,83,0,0,1.31357,1.31358,1.31368,0.00024,0.00024,0.00023,1.31385,1.3136382770305812,1.31399,1.3136382770305812,,,,,,1.0,buy lose,2022-04-14 12:51:00,1.31402,1.31342
2022-04-14 12:55:00,1.31371,1.31378,1.31368,1.31369,52,0,0,1.31361,1.31365,1.31374,0.00018,0.00019,0.00023,1.31372,1.3135825943795572,1.31378,1.3135825943795572,,,,,,1.0,buy lose,2022-04-14 12:56:00,1.31381,1.31335
2022-04-14 18:32:00,1.30576,1.30589,1.30566,1.30566,103,0,0,1.30703,1.30594,1.30561,0.00041,0.00043,0.00043,1.30574,1.3058582147736089,1.30589,1.30566,1.0,sell break even,2022-04-14 19:02:00,1.30562,1.30626,,,,,
2022-04-15 09:46:00,1.30545,1.30558,1.30545,1.30558,3,0,16,1.30626,1.30621,1.30603,0.00045,0.00046,0.00022,1.30552,1.3058981838759038,1.3058981838759038,1.30545,1.0,sell lose,2022-04-15 09:50:00,1.305865,1.3063200000000001,,,,,
2022-04-15 09:58:00,1.30558,1.30582,1.30557,1.30582,8,0,16,1.30621,1.30614,1.30595,0.0004,0.00037,0.00023,1.3057,1.305964867720673,1.305964867720673,1.30557,1.0,sell break even,2022-04-15 10:19:00,1.30606,1.3065900000000001,,,,,
2022-04-18 11:57:00,1.30172,1.30175,1.30166,1.3017,33,0,1,1.30189,1.30164,1.30155,0.00011,0.00011,0.00017,1.30171,1.301763655532303,1.301763655532303,1.30166,1.0,sell lose,2022-04-18 12:06:00,1.30162,1.30187,,,,,
2022-04-19 08:41:00,1.2998,1.29985,1.29969,1.29971,80,0,1,1.30001,1.29987,1.29967,0.00017,0.00017,0.00015,1.29976,1.299846426310498,1.29985,1.29969,1.0,sell lose,2022-04-19 08:52:00,1.29965,1.30003,,,,,
2022-04-19 08:56:00,1.29997,1.29997,1.29987,1.29987,65,0,1,1.29999,1.29987,1.29976,0.00016,0.00016,0.00015,1.29992,1.2999857771736545,1.2999857771736545,1.29987,1.0,sell win_3,2022-04-19 09:07:00,1.29983,1.30021,,,,,
2022-04-19 14:56:00,1.30151,1.30158,1.30135,1.30135,69,0,1,1.30184,1.30172,1.30138,0.00021,0.0002,0.00025,1.30145,1.301629397620271,1.301629397620271,1.30135,1.0,sell break even,2022-04-19 14:58:00,1.301675,1.30204,,,,,
2022-04-19 15:02:00,1.30137,1.3014,1.30125,1.30126,76,0,1,1.30181,1.3017,1.3014,0.00023,0.00022,0.00025,1.30132,1.3014943655878168,1.3014943655878168,1.30125,1.0,sell lose,2022-04-19 15:07:00,1.30121,1.30183,,,,,
2022-04-19 15:21:00,1.30191,1.30191,1.30137,1.30142,138,0,0,1.30184,1.30177,1.3017,0.00021,0.0002,0.00025,1.30165,1.3019951430022538,1.3019951430022538,1.30137,1.0,sell win_3,2022-04-19 15:46:00,1.3018299999999998,1.30233,,,,,
2022-04-19 16:56:00,1.30016,1.30016,1.29998,1.29999,61,0,1,1.30053,1.30003,1.29952,0.00037,0.00039,0.00026,1.30007,1.3002380367196462,1.3002380367196462,1.29998,1.0,sell lose,2022-04-19 17:11:00,1.2999399999999999,1.3005200000000001,,,,,
2022-04-19 17:31:00,1.30013,1.30014,1.29977,1.29995,153,0,1,1.3004,1.30006,1.29996,0.00032,0.00031,0.00028,1.3,1.3003821707730738,1.3003821707730738,1.29977,1.0,sell win_3,2022-04-19 17:49:00,1.3002850000000001,1.30084,,,,,
2022-04-19 17:58:00,1.29916,1.29923,1.29891,1.29894,152,0,0,1.30019,1.29986,1.29964,0.00037,0.00037,0.00029,1.29906,1.2994295357571704,1.2994295357571704,1.29891,1.0,sell break even,2022-04-19 18:05:00,1.2993999999999999,1.29993,,,,,
2022-04-20 09:41:00,1.30298,1.30301,1.3029,1.30293,47,0,1,1.30305,1.30298,1.30272,0.0002,0.00021,0.00016,1.30296,1.3030261560678211,1.3030261560678211,1.3029,1.0,sell lose,2022-04-20 09:44:00,1.30286,1.30329,,,,,
2022-04-20 09:49:00,1.30311,1.30322,1.30298,1.30307,112,0,1,1.30308,1.30303,1.30289,0.00025,0.00024,0.00016,1.30309,1.30342424279714,1.30342424279714,1.30298,1.0,sell win_3,2022-04-20 09:58:00,1.3034050000000001,1.30387,,,,,
2022-04-20 16:21:00,1.30514,1.30536,1.30511,1.30535,75,0,1,1.30477,1.30497,1.30498,0.0003,0.00031,0.00026,1.30524,1.30507624808675,1.30536,1.30507624808675,,,,,,1.0,buy break even,2022-04-20 16:46:00,1.30539,1.3047900000000001
2022-04-20 16:59:00,1.30504,1.30524,1.30503,1.30523,113,0,1,1.30504,1.30528,1.30542,0.00031,0.00031,0.00026,1.30514,1.304966317704583,1.30524,1.304966317704583,,,,,,1.0,buy break even,2022-04-20 17:23:00,1.30527,1.3046900000000001
2022-04-21 09:31:00,1.30626,1.30649,1.30623,1.30623,231,0,0,1.30556,1.30565,1.30573,0.00027,0.00024,0.00015,1.3063,1.3059312944028791,1.30649,1.3059312944028791,,,,,,1.0,buy win_3,2022-04-21 09:39:00,1.305925,1.30533
2022-04-21 10:23:00,1.30704,1.30713,1.30686,1.30706,103,0,1,1.30627,1.30662,1.30705,0.00029,0.00029,0.0002,1.30702,1.306873755948044,1.30713,1.30686,,,,,,1.0,buy lose,2022-04-21 10:33:00,1.3071599999999999,1.30659
2022-04-21 10:39:00,1.30689,1.30692,1.30672,1.30681,59,0,1,1.30636,1.30668,1.30695,0.00027,0.00028,0.00021,1.30684,1.3066273586083366,1.30692,1.3066273586083366,,,,,,1.0,buy break even,2022-04-21 10:56:00,1.30695,1.30631
2022-04-21 13:08:00,1.30753,1.30755,1.30741,1.30754,36,0,1,1.30629,1.3063,1.30638,0.00023,0.00021,0.00025,1.30751,1.3070891424050337,1.30755,1.3070891424050337,,,,,,1.0,buy win_3,2022-04-21 13:21:00,1.30684,1.3061
2022-04-21 17:11:00,1.30601,1.30643,1.30601,1.30643,102,0,0,1.30549,1.30563,1.30612,0.00033,0.00033,0.00028,1.30622,1.3059204554542352,1.30643,1.3059204554542352,,,,,,1.0,buy break even,2022-04-21 17:15:00,1.30599,1.30552
2022-04-22 16:58:00,1.2873,1.2873,1.28701,1.28707,171,0,1,1.28861,1.28798,1.2873,0.00041,0.00041,0.0003,1.28717,1.2875711787826112,1.2875711787826112,1.28701,1.0,sell break even,2022-04-22 17:05:00,1.287535,1.2881,,,,,
2022-04-22 17:08:00,1.2874,1.2874,1.28721,1.2873,127,0,1,1.28849,1.28788,1.28732,0.00043,0.00044,0.00031,1.28733,1.287602676932405,1.287602676932405,1.28721,1.0,sell win_3,2022-04-22 17:11:00,1.287605,1.28804,,,,,
2022-04-22 17:11:00,1.28687,1.28688,1.28644,1.28649,107,0,0,1.28844,1.28783,1.28727,0.00043,0.00043,0.00031,1.28667,1.2871265846165505,1.2871265846165505,1.28644,1.0,sell break even,2022-04-22 17:19:00,1.287175,1.2879500000000002,,,,,
2022-04-22 17:30:00,1.28735,1.28753,1.28719,1.2872,120,0,0,1.2882,1.28762,1.28719,0.00033,0.00034,0.00032,1.28732,1.2875096102840131,1.28753,1.28719,1.0,sell win_3,2022-04-22 17:40:00,1.28715,1.28775,,,,,
2022-04-25 09:04:00,1.28,1.28013,1.27988,1.27996,106,0,1,1.28039,1.28023,1.28013,0.00028,0.00026,0.00016,1.27999,1.2801027664907223,1.28013,1.27988,1.0,sell win_3,2022-04-25 09:08:00,1.280225,1.28061,,,,,
2022-04-25 10:51:00,1.27514,1.27515,1.2749,1.27497,160,0,1,1.27672,1.27556,1.27462,0.00044,0.00045,0.00033,1.27504,1.275499162669479,1.275499162669479,1.2749,1.0,sell break even,2022-04-25 10:55:00,1.275355,1.2758500000000002,,,,,
2022-04-25 17:30:00,1.27302,1.27319,1.27293,1.27304,122,0,0,1.27327,1.27307,1.27286,0.0004,0.00042,0.0004,1.27304,1.2731620656552034,1.27319,1.27293,1.0,sell break even,2022-04-25 17:32:00,1.27324,1.27359,,,,,
2022-04-25 17:39:00,1.27319,1.27329,1.27306,1.27309,103,0,1,1.27327,1.2731,1.27299,0.00037,0.00038,0.0004,1.27316,1.273435941534483,1.273435941534483,1.27306,1.0,sell win_3,2022-04-25 17:57:00,1.27302,1.27372,,,,,
2022-04-25 19:18:00,1.2723,1.2723,1.27187,1.27193,85,0,1,1.27209,1.27168,1.27141,0.00033,0.00033,0.00037,1.2721,1.2723637482152093,1.2723637482152093,1.27187,1.0,sell break even,2022-04-25 19:35:00,1.2722250000000002,1.27262,,,,,
2022-04-26 11:24:00,1.27256,1.27256,1.27223,1.27224,112,0,0,1.27345,1.27279,1.2722,0.00029,0.00029,0.00026,1.2724,1.2726026461305222,1.2726026461305222,1.27223,1.0,sell break even,2022-04-26 11:28:00,1.272555,1.27292,,,,,
2022-04-26 11:32:00,1.272,1.27212,1.27167,1.27179,135,0,0,1.27336,1.27273,1.27224,0.00034,0.00031,0.00027,1.2719,1.2725053228364474,1.2725053228364474,1.27167,1.0,sell break even,2022-04-26 11:52:00,1.272375,1.27312,,,,,
2022-04-26 11:55:00,1.27232,1.27236,1.27223,1.27229,106,0,0,1.27307,1.27248,1.27209,0.0003,0.00031,0.00029,1.2723,1.2724101177889495,1.2724101177889495,1.27223,1.0,sell win_3,2022-04-26 12:10:00,1.27219,1.27267,,,,,
2022-04-26 12:38:00,1.2716,1.27167,1.27143,1.27166,54,0,1,1.27252,1.27197,1.27161,0.00029,0.00029,0.00031,1.27159,1.2718000121010935,1.2718000121010935,1.27143,1.0,sell lose,2022-04-26 12:42:00,1.27182,1.27225,,,,,
2022-04-26 12:52:00,1.27228,1.27229,1.27213,1.27218,80,0,0,1.27248,1.27201,1.27185,0.00026,0.00027,0.00031,1.27222,1.2723619110114808,1.2723619110114808,1.27213,1.0,sell break even,2022-04-26 13:38:00,1.27209,1.27271,,,,,
2022-04-26 14:01:00,1.27138,1.27147,1.27122,1.27126,94,0,1,1.27203,1.27172,1.27168,0.00028,0.00027,0.00029,1.27133,1.271483983959544,1.271483983959544,1.27122,1.0,sell win_3,2022-04-26 14:05:00,1.27156,1.27194,,,,,
2022-04-26 14:20:00,1.27062,1.27067,1.27008,1.27008,113,0,1,1.2718,1.27144,1.27116,0.00033,0.00031,0.00029,1.27036,1.2710048627357178,1.2710048627357178,1.27008,1.0,sell break even,2022-04-26 14:22:00,1.2708750000000002,1.2717100000000001,,,,,
2022-04-26 16:11:00,1.26924,1.26938,1.269,1.26902,139,0,0,1.26972,1.26905,1.2686,0.00034,0.00034,0.00029,1.26916,1.2694800417323755,1.2694800417323755,1.269,1.0,sell win_3,2022-04-26 16:16:00,1.26938,1.2698,,,,,
2022-04-26 16:16:00,1.26851,1.26851,1.26801,1.26805,81,0,0,1.26966,1.26901,1.2686,0.00033,0.00032,0.00029,1.26827,1.268771876304137,1.268771876304137,1.26801,1.0,sell win_3,2022-04-26 16:22:00,1.268535,1.2691000000000001,,,,,
2022-04-26 16:37:00,1.26808,1.26813,1.26772,1.26788,164,0,0,1.26931,1.26866,1.26819,0.00045,0.00043,0.0003,1.26795,1.2683476343926794,1.2683476343926794,1.26772,1.0,sell break even,2022-04-26 16:52:00,1.268285,1.26889,,,,,
2022-04-26 17:02:00,1.26802,1.26806,1.26783,1.26783,117,0,1,1.2691,1.26855,1.26828,0.00034,0.00034,0.00032,1.26794,1.268263503814865,1.268263503814865,1.26783,1.0,sell win_3,2022-04-26 17:08:00,1.2682,1.26861,,,,,
2022-04-27 11:32:00,1.25651,1.25676,1.25645,1.25661,120,0,0,1.25725,1.25693,1.25679,0.00031,0.00031,0.00031,1.25658,1.2567710897179287,1.2567710897179287,1.25645,1.0,sell win_3,2022-04-27 11:44:00,1.25641,1.25702,,,,,
2022-04-28 15:36:00,1.24536,1.24574,1.24515,1.24552,276,0,0,1.24728,1.24565,1.24433,0.00077,0.00072,0.00041,1.24544,1.2461916305406082,1.2461916305406082,1.24515,1.0,sell win_3,2022-04-28 15:51:00,1.2463549999999999,1.2476,,,,,
2022-04-28 16:10:00,1.24493,1.24496,1.24463,1.24464,130,0,1,1.2464,1.24502,1.24423,0.00052,0.00054,0.00046,1.24479,1.244998324193174,1.244998324193174,1.24463,1.0,sell lose,2022-04-28 16:12:00,1.24499,1.24539,,,,,
2022-04-28 16:19:00,1.24541,1.24543,1.24488,1.2449,150,0,0,1.24632,1.24508,1.24459,0.00053,0.00054,0.00046,1.24516,1.2456443912581898,1.2456443912581898,1.24488,1.0,sell win_3,2022-04-28 16:34:00,1.24552,1.2462,,,,,
2022-04-28 16:34:00,1.24414,1.24414,1.24345,1.24354,197,0,0,1.24607,1.24495,1.24455,0.00057,0.00054,0.00047,1.24382,1.2443718079953388,1.2443718079953388,1.24345,1.0,sell win_3,2022-04-28 17:03:00,1.244395,1.24538,,,,,
2022-04-29 16:10:00,1.25471,1.25477,1.25434,1.25439,161,0,0,1.25545,1.25526,1.25476,0.00046,0.00046,0.00034,1.25455,1.2549709282480572,1.2549709282480572,1.25434,1.0,sell break even,2022-04-29 16:12:00,1.2548249999999999,1.25535,,,,,
2022-04-29 16:26:00,1.25537,1.25548,1.25515,1.25537,108,0,0,1.25539,1.25521,1.25492,0.00043,0.00044,0.00035,1.25534,1.2555808892963904,1.2555808892963904,1.25515,1.0,sell win_3,2022-04-29 16:28:00,1.25553,1.2559500000000001,,,,,
2022-04-29 16:28:00,1.25474,1.25474,1.2542,1.25452,153,0,0,1.25537,1.25519,1.2549,0.00046,0.00044,0.00035,1.25455,1.2552452223240975,1.2552452223240975,1.2542,1.0,sell break even,2022-04-29 16:41:00,1.2550050000000001,1.2558500000000001,,,,,
2022-04-29 16:52:00,1.25438,1.25444,1.25369,1.25376,130,0,0,1.25522,1.25502,1.25475,0.00043,0.0004,0.00038,1.25407,1.254678022000505,1.254678022000505,1.25369,1.0,sell lose,2022-04-29 16:58:00,1.25447,1.25529,,,,,
2022-04-29 17:07:00,1.25546,1.25549,1.25503,1.2551,109,0,1,1.25522,1.25506,1.25498,0.00038,0.00039,0.00039,1.25527,1.2555850533453978,1.2555850533453978,1.25503,1.0,sell break even,2022-04-29 17:12:00,1.255515,1.25604,,,,,
2022-04-29 17:15:00,1.25486,1.25507,1.25473,1.25473,147,0,0,1.2552,1.25504,1.25496,0.00039,0.00039,0.00039,1.25485,1.2550677150521306,1.25507,1.25473,1.0,sell win_3,2022-04-29 17:19:00,1.2551350000000001,1.2555800000000001,,,,,
2022-05-02 15:32:00,1.25649,1.2565,1.25608,1.25613,127,0,1,1.25651,1.25636,1.25618,0.00023,0.00022,0.00023,1.2563,1.256554622782188,1.256554622782188,1.25608,1.0,sell win_3,2022-05-02 15:35:00,1.256405,1.25677,,,,,
2022-05-02 15:35:00,1.25563,1.25563,1.25534,1.25534,107,0,1,1.25648,1.25632,1.25611,0.00026,0.00024,0.00024,1.25548,1.2559218278477735,1.2559218278477735,1.25534,1.0,sell win_3,2022-05-02 15:55:00,1.25598,1.25666,,,,,
2022-05-02 16:57:00,1.25462,1.25467,1.25425,1.25427,117,0,1,1.25537,1.25492,1.25449,0.00036,0.00036,0.00025,1.25445,1.2546626196211732,1.25467,1.25425,1.0,sell win_3,2022-05-02 16:59:00,1.2546,1.25499,,,,,
2022-05-02 17:44:00,1.25326,1.25326,1.25285,1.25288,134,0,1,1.25423,1.25349,1.25274,0.00039,0.0004,0.0003,1.25306,1.2532803841478135,1.2532803841478135,1.25285,1.0,sell break even,2022-05-02 17:50:00,1.25319,1.25357,,,,,
2022-05-02 19:32:00,1.25207,1.25224,1.25206,1.2521,65,0,1,1.25259,1.25205,1.25191,0.00019,0.00019,0.00033,1.25212,1.2522067572573126,1.25224,1.25206,1.0,sell win_3,2022-05-02 19:51:00,1.25202,1.2524,,,,,
2022-05-04 09:01:00,1.24747,1.24758,1.24736,1.24747,82,0,1,1.24828,1.24798,1.24767,0.00017,0.00016,0.00012,1.24747,1.2477501571884324,1.2477501571884324,1.24736,1.0,sell win_3,2022-05-04 09:02:00,1.2477,1.24808,,,,,
2022-05-04 18:38:00,1.24957,1.24958,1.24913,1.24916,131,0,0,1.2501,1.24983,1.24982,0.00028,0.00028,0.00034,1.24936,1.2496840714535846,1.2496840714535846,1.24913,1.0,sell win_3,2022-05-04 19:02:00,1.2496,1.25011,,,,,
2022-05-05 10:46:00,1.25371,1.25375,1.25323,1.25336,108,0,1,1.25508,1.25417,1.25349,0.00042,0.0004,0.00032,1.25351,1.2538641796613494,1.2538641796613494,1.25323,1.0,sell lose,2022-05-05 10:49:00,1.253725,1.25426,,,,,
2022-05-05 11:03:00,1.25388,1.25392,1.25359,1.25368,132,0,0,1.25494,1.25417,1.25382,0.0004,0.0004,0.00034,1.25377,1.2541653649458286,1.2541653649458286,1.25359,1.0,sell win_3,2022-05-05 11:19:00,1.2540749999999998,1.2546,,,,,
2022-05-05 14:04:00,1.25014,1.25024,1.2491,1.24927,313,0,0,1.25515,1.25514,1.25469,0.0009,0.00077,0.00034,1.24969,1.2523468001755242,1.2523468001755242,1.2491,1.0,sell win_3,2022-05-05 14:28:00,1.25346,1.25786,,,,,
2022-05-05 16:45:00,1.24029,1.24055,1.24015,1.24033,199,0,0,1.24291,1.24059,1.23962,0.0005,0.0005,0.00067,1.24033,1.2407448863241235,1.2407448863241235,1.24015,1.0,sell win_3,2022-05-05 16:48:00,1.240685,1.24126,,,,,
2022-05-05 16:48:00,1.23973,1.23983,1.2392,1.23943,151,0,0,1.24282,1.24055,1.23963,0.00054,0.00052,0.00068,1.23955,1.2400293607905155,1.2400293607905155,1.2392,1.0,sell win_3,2022-05-05 17:00:00,1.24014,1.24112,,,,,
2022-05-06 10:57:00,1.23185,1.23257,1.2318,1.23188,226,0,1,1.23312,1.2321,1.23116,0.0007,0.00064,0.00032,1.23202,1.2324206297888736,1.23257,1.2318,1.0,sell break even,2022-05-06 11:06:00,1.23296,1.2341600000000001,,,,,
2022-05-06 16:33:00,1.23353,1.23361,1.233,1.23306,261,0,1,1.23436,1.23417,1.2338,0.00057,0.00055,0.00046,1.2333,1.2340150850148044,1.2340150850148044,1.233,1.0,sell win_3,2022-05-06 16:39:00,1.2339,1.23484,,,,,
2022-05-06 16:57:00,1.23259,1.23259,1.23226,1.23244,274,0,0,1.23381,1.23337,1.23259,0.00067,0.00067,0.00049,1.23247,1.2328198717615058,1.2328198717615058,1.23226,1.0,sell lose,2022-05-06 17:04:00,1.233075,1.23393,,,,,
2022-05-09 09:07:00,1.2284,1.22844,1.22796,1.22799,129,0,1,1.2287,1.22825,1.22803,0.00031,0.00029,0.00021,1.2282,1.2285661371733276,1.2285661371733276,1.22796,1.0,sell break even,2022-05-09 09:10:00,1.228415,1.22891,,,,,
2022-05-09 09:15:00,1.22802,1.22802,1.22766,1.22772,105,0,1,1.22866,1.22824,1.22807,0.00037,0.00035,0.00021,1.22785,1.228395336473333,1.228395336473333,1.22766,1.0,sell win_3,2022-05-09 09:26:00,1.2282,1.22878,,,,,
2022-05-09 10:09:00,1.22742,1.22747,1.22729,1.22736,161,0,0,1.22806,1.22761,1.22727,0.00031,0.00031,0.00024,1.22738,1.227587350314926,1.227587350314926,1.22729,1.0,sell lose,2022-05-09 10:13:00,1.22725,1.2278900000000001,,,,,
2022-05-09 10:16:00,1.22773,1.22785,1.22734,1.22761,197,0,0,1.22804,1.22763,1.2274,0.00038,0.00036,0.00024,1.22763,1.2279559949243353,1.2279559949243353,1.22734,1.0,sell break even,2022-05-09 10:29:00,1.227945,1.22859,,,,,
2022-05-10 12:19:00,1.23271,1.23303,1.23267,1.23301,109,0,0,1.23398,1.23363,1.23362,0.00031,0.00028,0.00033,1.23286,1.233402392683089,1.233402392683089,1.23267,1.0,sell win_3,2022-05-10 12:53:00,1.2334399999999999,1.23425,,,,,
2022-05-10 16:22:00,1.23345,1.23345,1.23312,1.23315,104,0,1,1.23334,1.23318,1.23309,0.00031,0.00032,0.00032,1.23329,1.2335627706103969,1.2335627706103969,1.23312,1.0,sell break even,2022-05-10 16:31:00,1.23347,1.23386,,,,,
2022-05-10 16:38:00,1.23307,1.23309,1.23261,1.23287,174,0,1,1.23331,1.23318,1.23313,0.00031,0.0003,0.00032,1.23291,1.2332681493037507,1.2332681493037507,1.23261,1.0,sell win_3,2022-05-10 16:46:00,1.233155,1.23374,,,,,
2022-05-10 16:46:00,1.23172,1.23198,1.23135,1.23137,203,0,1,1.23325,1.23309,1.23294,0.00038,0.00035,0.00032,1.2316,1.2322402271457178,1.2322402271457178,1.23135,1.0,sell break even,2022-05-10 16:52:00,1.23232,1.23333,,,,,
2022-05-10 18:47:00,1.232,1.23238,1.23193,1.23217,245,0,1,1.23218,1.23177,1.23136,0.0005,0.00049,0.0004,1.23212,1.2323736623494348,1.23238,1.23193,1.0,sell win_3,2022-05-10 18:56:00,1.232365,1.23284,,,,,
2022-05-10 18:56:00,1.23162,1.23162,1.23115,1.23124,170,0,1,1.23213,1.23174,1.23143,0.00045,0.00046,0.00041,1.23141,1.2317530735592763,1.2317530735592763,1.23115,1.0,sell break even,2022-05-10 18:58:00,1.2315749999999999,1.23204,,,,,
2022-05-11 11:34:00,1.23484,1.23488,1.23465,1.23469,82,0,1,1.23393,1.23418,1.23453,0.00032,0.00033,0.00027,1.23476,1.234606256328079,1.23488,1.234606256328079,,,,,,1.0,buy win_3,2022-05-11 11:44:00,1.234515,1.23412
2022-05-11 15:30:00,1.23387,1.23387,1.22938,1.23146,389,0,1,1.23543,1.23542,1.2354,0.00076,0.00044,0.00032,1.23214,1.2353308309396431,1.2353308309396431,1.22938,1.0,sell break even,2022-05-11 16:11:00,1.23274,1.23614,,,,,
2022-05-11 17:27:00,1.23654,1.23709,1.23646,1.23669,235,0,0,1.23531,1.23577,1.23677,0.00062,0.00059,0.00062,1.2367,1.2360271378988357,1.23709,1.2360271378988357,,,,,,1.0,buy lose,2022-05-11 17:31:00,1.23631,1.2355
2022-05-12 10:18:00,1.21981,1.22,1.21936,1.21946,227,0,1,1.22112,1.2208,1.22077,0.00064,0.00058,0.00029,1.21966,1.2201940602474828,1.2201940602474828,1.21936,1.0,sell win_3,2022-05-12 10:24:00,1.220145,1.22097,,,,,
2022-05-12 10:39:00,1.21967,1.21967,1.2192,1.21925,203,0,0,1.2208,1.22039,1.22004,0.00058,0.00059,0.00034,1.21945,1.2198590541143703,1.2198590541143703,1.2192,1.0,sell lose,2022-05-12 10:42:00,1.219795,1.2204300000000001,,,,,
2022-05-12 10:53:00,1.22108,1.22108,1.22043,1.22066,201,0,0,1.22079,1.22047,1.22037,0.0005,0.0005,0.00037,1.22081,1.2212116143221503,1.2212116143221503,1.22043,1.0,sell win_3,2022-05-12 11:06:00,1.2210299999999998,1.22167,,,,,
2022-05-12 11:06:00,1.21969,1.2197,1.21903,1.21915,222,0,0,1.22069,1.22036,1.22018,0.00047,0.00047,0.00038,1.21939,1.2198899660173734,1.2198899660173734,1.21903,1.0,sell lose,2022-05-12 11:11:00,1.21971,1.2204300000000001,,,,,
2022-05-12 11:21:00,1.21998,1.22005,1.21965,1.21995,147,0,1,1.2206,1.22029,1.22013,0.00046,0.00046,0.0004,1.21991,1.2201989440907597,1.2201989440907597,1.21965,1.0,sell break even,2022-05-12 11:24:00,1.22011,1.22061,,,,,
2022-05-12 11:28:00,1.21992,1.21997,1.21957,1.21961,131,0,1,1.22056,1.22026,1.22011,0.00045,0.00045,0.00041,1.21977,1.2202705386257091,1.2202705386257091,1.21957,1.0,sell win_3,2022-05-12 11:56:00,1.2200950000000002,1.22066,,,,,
2022-05-12 12:19:00,1.21953,1.21957,1.21875,1.21887,148,0,0,1.21994,1.21952,1.2191,0.00047,0.00046,0.00046,1.21918,1.2196460522050003,1.2196460522050003,1.21875,1.0,sell win_3,2022-05-12 12:24:00,1.219365,1.22002,,,,,
2022-05-12 19:40:00,1.2212,1.22122,1.22078,1.22082,136,0,1,1.22142,1.22133,1.22106,0.00035,0.00034,0.00049,1.22101,1.221422337535901,1.221422337535901,1.22078,1.0,sell win_3,2022-05-12 19:51:00,1.22125,1.22176,,,,,
2022-05-13 16:04:00,1.21958,1.21965,1.21945,1.21948,76,0,1,1.21953,1.21938,1.21928,0.00029,0.00031,0.00027,1.21954,1.2196861922398647,1.2196861922398647,1.21945,1.0,sell win_3,2022-05-13 16:10:00,1.2194099999999999,1.21996,,,,,
2022-05-13 16:10:00,1.21811,1.21824,1.21784,1.21809,100,0,0,1.21947,1.2193,1.21913,0.00034,0.00033,0.00027,1.21807,1.2184944717537478,1.2184944717537478,1.21784,1.0,sell win_3,2022-05-13 16:23:00,1.218645,1.21949,,,,,
2022-05-13 16:58:00,1.21717,1.21733,1.21706,1.21718,193,0,1,1.21861,1.21813,1.21749,0.00047,0.00046,0.0003,1.21718,1.217610657351543,1.217610657351543,1.21706,1.0,sell lose,2022-05-13 17:00:00,1.217595,1.21817,,,,,
2022-05-16 09:35:00,1.22415,1.22415,1.22394,1.22401,100,0,1,1.22441,1.22434,1.22432,0.00028,0.00027,0.0002,1.22406,1.2245577552183438,1.2245577552183438,1.22394,1.0,sell win_3,2022-05-16 09:42:00,1.224415,1.22493,,,,,
2022-05-16 10:54:00,1.22255,1.22257,1.22237,1.2224,92,0,1,1.22382,1.22364,1.22362,0.00043,0.00042,0.00027,1.22247,1.2232917030300507,1.2232917030300507,1.22237,1.0,sell break even,2022-05-16 11:03:00,1.22322,1.22411,,,,,
2022-05-16 11:19:00,1.2231,1.22324,1.22296,1.22306,114,0,1,1.22358,1.22334,1.22311,0.00038,0.00038,0.0003,1.22309,1.223244662028602,1.223244662028602,1.22296,1.0,sell break even,2022-05-16 11:43:00,1.22292,1.2236,,,,,
2022-05-17 13:00:00,1.24539,1.2456,1.24539,1.24554,72,0,1,1.2438,1.24543,1.24596,0.00048,0.00049,0.00047,1.24548,1.2452593046001132,1.2456,1.2452593046001132,,,,,,1.0,buy win_3,2022-05-17 13:17:00,1.245055,1.24448
2022-05-17 13:17:00,1.24612,1.2467,1.24612,1.24649,226,0,1,1.24414,1.24556,1.24596,0.00045,0.00044,0.00048,1.24636,1.2458252621406904,1.2467,1.2458252621406904,,,,,,1.0,buy win_3,2022-05-17 13:19:00,1.246105,1.24548
2022-05-17 13:19:00,1.24727,1.24789,1.24723,1.24755,318,0,0,1.2442,1.24562,1.24607,0.0005,0.00046,0.00048,1.24749,1.2464813155351726,1.24789,1.2464813155351726,,,,,,1.0,buy break even,2022-05-17 13:40:00,1.2467,1.24548
2022-05-17 13:46:00,1.24648,1.24685,1.24637,1.24659,134,0,0,1.24491,1.24619,1.24673,0.00042,0.00042,0.00048,1.24657,1.2462179637745865,1.24685,1.2462179637745865,,,,,,1.0,buy break even,2022-05-17 14:01:00,1.246375,1.24587
2022-05-17 14:04:00,1.24663,1.24695,1.24661,1.24677,83,0,1,1.2452,1.24632,1.2467,0.00035,0.00035,0.00047,1.24674,1.2464963019865565,1.24695,1.2464963019865565,,,,,,1.0,buy lose,2022-05-17 14:06:00,1.24657,1.24616
2022-05-17 14:13:00,1.24668,1.24697,1.24659,1.24689,90,0,1,1.24529,1.24631,1.24657,0.00039,0.00038,0.00047,1.24678,1.2462203443398177,1.24697,1.2462203443398177,,,,,,1.0,buy win_3,2022-05-17 14:33:00,1.246435,1.24587
2022-05-17 15:33:00,1.24773,1.24805,1.24763,1.24794,275,0,0,1.2469,1.24774,1.24814,0.00052,0.00047,0.00042,1.24784,1.2473965658443782,1.24805,1.2473965658443782,,,,,,1.0,buy win_3,2022-05-17 15:40:00,1.24719,1.2463
2022-05-19 12:33:00,1.23763,1.23801,1.2376,1.23789,126,0,0,1.23774,1.23807,1.23822,0.00039,0.00039,0.0004,1.23778,1.2375180113910444,1.23801,1.2375180113910444,,,,,,1.0,buy win_3,2022-05-19 12:45:00,1.2375099999999999,1.23698
2022-05-19 14:28:00,1.24126,1.2416,1.24121,1.24157,100,0,0,1.23996,1.24072,1.24138,0.00037,0.00037,0.00039,1.24141,1.2410329489666236,1.2416,1.2410329489666236,,,,,,1.0,buy win_3,2022-05-19 14:36:00,1.24113,1.2406300000000001
2022-05-19 15:26:00,1.24133,1.24174,1.24122,1.24174,88,0,0,1.241,1.24171,1.24204,0.0003,0.00029,0.00038,1.24151,1.2412304280721012,1.24174,1.24122,,,,,,1.0,buy win_3,2022-05-19 15:35:00,1.24139,1.24101
2022-05-19 19:28:00,1.25026,1.25042,1.25016,1.25035,104,0,0,1.24872,1.24991,1.25057,0.00041,0.00042,0.00053,1.2503,1.2501208277205182,1.25042,1.2501208277205182,,,,,,1.0,buy lose,2022-05-19 19:35:00,1.25045,1.2498
2022-05-20 09:57:00,1.24763,1.24779,1.24755,1.24779,85,0,0,1.24676,1.24728,1.24781,0.00031,0.00031,0.00025,1.24769,1.247531368092733,1.24779,1.247531368092733,,,,,,1.0,buy lose,2022-05-20 10:00:00,1.24782,1.24725
2022-05-20 10:32:00,1.24743,1.24799,1.24743,1.24799,138,0,0,1.24701,1.24742,1.24758,0.00047,0.00045,0.00028,1.24771,1.2470025668949278,1.24799,1.2470025668949278,,,,,,1.0,buy win_3,2022-05-20 10:52:00,1.24728,1.24654
2022-05-20 19:14:00,1.24779,1.24802,1.24773,1.24787,116,0,0,1.24777,1.24783,1.24813,0.00034,0.00034,0.00035,1.24785,1.2476540926635584,1.24802,1.2476540926635584,,,,,,1.0,buy win_3,2022-05-20 19:31:00,1.2476349999999998,1.24722
2022-05-23 08:31:00,1.25478,1.25478,1.25458,1.25458,58,0,0,1.25406,1.25437,1.25445,0.0002,0.00019,0.00018,1.25468,1.2544654600817755,1.25478,1.2544654600817755,,,,,,1.0,buy win_3,2022-05-23 08:49:00,1.25481,1.25421
2022-05-23 09:15:00,1.25553,1.25553,1.25526,1.25546,48,0,0,1.25455,1.25494,1.2553,0.00039,0.00039,0.0002,1.25545,1.2553076846450275,1.25553,1.25526,,,,,,1.0,buy win_3,2022-05-23 10:27:00,1.25556,1.25487
2022-05-23 14:51:00,1.25776,1.25802,1.25768,1.25801,65,0,0,1.25777,1.25814,1.2583,0.00028,0.00028,0.00034,1.25787,1.257648792480315,1.25802,1.257648792480315,,,,,,1.0,buy break even,2022-05-23 14:58:00,1.25768,1.25731
2022-05-23 17:15:00,1.25782,1.25804,1.25779,1.25796,64,0,0,1.25731,1.25732,1.25749,0.00033,0.00034,0.00031,1.2579,1.2575886909447225,1.25804,1.2575886909447225,,,,,,1.0,buy break even,2022-05-23 17:24:00,1.257535,1.2570000000000001
2022-05-24 09:44:00,1.25746,1.25762,1.25736,1.25755,58,0,0,1.25689,1.25715,1.25746,0.00025,0.00025,0.00018,1.2575,1.257285351070513,1.25762,1.257285351070513,,,,,,1.0,buy win_3,2022-05-24 09:53:00,1.2572299999999998,1.25681
2022-05-24 10:59:00,1.25812,1.25826,1.25802,1.25825,92,0,0,1.25785,1.25827,1.25857,0.00034,0.00034,0.00027,1.25816,1.257989405880744,1.25826,1.257989405880744,,,,,,1.0,buy break even,2022-05-24 11:04:00,1.25829,1.25774
2022-05-24 15:09:00,1.25006,1.25014,1.24969,1.24981,138,0,0,1.25117,1.2506,1.2504,0.00034,0.00033,0.00036,1.24992,1.25038356374053,1.25038356374053,1.24969,1.0,sell win_3,2022-05-24 15:19:00,1.2501799999999998,1.25071,,,,,
2022-05-24 15:56:00,1.24957,1.24963,1.2493,1.24932,74,0,0,1.25022,1.24952,1.24895,0.00037,0.00036,0.00032,1.24946,1.24983565756885,1.24983565756885,1.2493,1.0,sell win_3,2022-05-24 16:04:00,1.2497449999999999,1.25023,,,,,
2022-05-24 16:25:00,1.24947,1.24948,1.24921,1.24924,82,0,0,1.24993,1.24935,1.24907,0.00035,0.00036,0.00032,1.24935,1.249497934801794,1.249497934801794,1.24921,1.0,sell lose,2022-05-24 16:30:00,1.24917,1.2498,,,,,
2022-05-24 17:30:00,1.25138,1.25179,1.25132,1.25175,184,0,0,1.2504,1.25042,1.25086,0.00058,0.00059,0.0004,1.25156,1.251240326569354,1.25179,1.251240326569354,,,,,,1.0,buy break even,2022-05-24 17:33:00,1.251075,1.25033
2022-05-24 17:52:00,1.25138,1.25177,1.25138,1.25154,201,0,0,1.25061,1.25074,1.25119,0.0005,0.0005,0.00042,1.25152,1.251180708322603,1.25177,1.251180708322603,,,,,,1.0,buy win_3,2022-05-24 18:01:00,1.2511999999999999,1.2506
2022-05-24 18:16:00,1.25193,1.25232,1.25193,1.25213,175,0,0,1.25094,1.25122,1.25177,0.00039,0.0004,0.00044,1.25208,1.2517383579028074,1.25232,1.2517383579028074,,,,,,1.0,buy lose,2022-05-24 18:21:00,1.25177,1.25119
2022-05-24 18:25:00,1.25152,1.25194,1.25152,1.25188,179,0,0,1.25099,1.25127,1.25171,0.00038,0.00039,0.00044,1.25171,1.251442535855279,1.25194,1.251442535855279,,,,,,1.0,buy win_3,2022-05-24 18:44:00,1.2515049999999999,1.25104
2022-05-25 09:39:00,1.25392,1.25421,1.25389,1.25391,116,0,0,1.2534,1.25346,1.25347,0.0003,0.00029,0.00018,1.25398,1.2536979671078017,1.25421,1.2536979671078017,,,,,,1.0,buy win_3,2022-05-25 09:50:00,1.253735,1.25323
2022-05-25 10:12:00,1.25436,1.25437,1.25412,1.25428,118,0,0,1.25374,1.25396,1.25429,0.00041,0.00042,0.00021,1.25428,1.2541616135960396,1.25437,1.25412,,,,,,1.0,buy lose,2022-05-25 10:16:00,1.2544,1.25388
2022-05-25 10:24:00,1.25451,1.25535,1.25443,1.25489,193,0,0,1.25374,1.25393,1.2541,0.00057,0.00047,0.00023,1.2548,1.253476850979882,1.25535,1.253476850979882,,,,,,1.0,buy break even,2022-05-25 10:55:00,1.253925,1.25247
2022-05-25 14:23:00,1.25007,1.2501,1.24978,1.24978,103,0,0,1.25083,1.25016,1.2497,0.00035,0.00035,0.00035,1.24993,1.2501595699221717,1.2501595699221717,1.24978,1.0,sell win_3,2022-05-25 14:26:00,1.25009,1.25044,,,,,
2022-05-25 14:26:00,1.24954,1.24958,1.24891,1.24893,102,0,0,1.25078,1.25012,1.24966,0.00037,0.00036,0.00035,1.24924,1.2497511962402714,1.2497511962402714,1.24891,1.0,sell break even,2022-05-25 14:31:00,1.2496450000000001,1.25042,,,,,
2022-05-25 14:58:00,1.24897,1.24898,1.24889,1.24893,77,0,0,1.25027,1.24961,1.24914,0.00035,0.00035,0.00034,1.24894,1.249319704359507,1.249319704359507,1.24889,1.0,sell break even,2022-05-25 15:07:00,1.2492800000000002,1.24971,,,,,
2022-05-25 18:44:00,1.25386,1.25422,1.2538,1.25404,111,0,0,1.25282,1.25357,1.25424,0.00031,0.00031,0.00037,1.25398,1.2536990711473628,1.25422,1.2536990711473628,,,,,,1.0,buy lose,2022-05-25 18:51:00,1.253855,1.25346
2022-05-25 18:56:00,1.25355,1.25387,1.25346,1.25385,90,0,0,1.25291,1.25358,1.254,0.00029,0.00029,0.00037,1.25368,1.2534778903982295,1.25387,1.25346,,,,,,1.0,buy win_3,2022-05-25 19:02:00,1.253545,1.25319
2022-05-26 10:58:00,1.25805,1.2582,1.25794,1.25816,111,0,0,1.2574,1.25754,1.25808,0.00037,0.00037,0.00027,1.25809,1.2578474155271513,1.2582,1.2578474155271513,,,,,,1.0,buy win_3,2022-05-26 10:59:00,1.257865,1.2575
2022-05-27 16:07:00,1.26306,1.26348,1.26306,1.26347,132,0,0,1.262,1.26233,1.26281,0.00037,0.00036,0.00031,1.26327,1.2626870286573206,1.26348,1.2626870286573206,,,,,,1.0,buy break even,2022-05-27 16:15:00,1.262855,1.2622
2022-05-27 16:25:00,1.26248,1.26271,1.2624,1.26256,129,0,0,1.26211,1.26241,1.2627,0.00032,0.00032,0.00032,1.26254,1.2621398012429377,1.26271,1.2621398012429377,,,,,,1.0,buy win_3,2022-05-27 16:27:00,1.262275,1.26181
2022-05-27 16:27:00,1.2634,1.26347,1.2633,1.26344,64,0,0,1.26213,1.26245,1.26276,0.00035,0.00033,0.00032,1.2634,1.2626599503107343,1.26347,1.2626599503107343,,,,,,1.0,buy win_3,2022-05-27 16:48:00,1.26272,1.26194
2022-05-30 14:06:00,1.26454,1.26463,1.2645,1.26454,49,0,0,1.26409,1.26431,1.26454,0.00025,0.00024,0.00024,1.26455,1.264169301010237,1.26463,1.264169301010237,,,,,,1.0,buy win_3,2022-05-30 14:28:00,1.264265,1.26387
2022-05-30 17:56:00,1.26454,1.26501,1.26438,1.26488,210,0,0,1.26397,1.26401,1.26412,0.00031,0.00025,0.00024,1.2647,1.2638149812185495,1.26501,1.2638149812185495,,,,,,1.0,buy break even,2022-05-31 02:33:00,1.2641900000000001,1.2633400000000001
2022-05-31 12:52:00,1.26125,1.26125,1.2608,1.26084,96,0,0,1.26138,1.26136,1.26121,0.00028,0.00028,0.00031,1.26103,1.2613599187940268,1.2613599187940268,1.2608,1.0,sell win_3,2022-05-31 12:59:00,1.2612,1.26164,,,,,
2022-05-31 15:03:00,1.2585,1.25852,1.25829,1.25829,53,0,0,1.25967,1.25916,1.25863,0.0003,0.0003,0.00027,1.2584,1.2587287792349704,1.2587287792349704,1.25829,1.0,sell win_3,2022-05-31 15:19:00,1.25874,1.25923,,,,,
2022-05-31 19:29:00,1.26076,1.26087,1.26075,1.26078,65,0,0,1.26016,1.2607,1.26123,0.00028,0.00029,0.00044,1.26079,1.260705989729192,1.26087,1.260705989729192,,,,,,1.0,buy lose,2022-05-31 19:30:00,1.2609,1.26049
2022-05-31 19:34:00,1.26083,1.26086,1.26073,1.26081,59,0,0,1.26018,1.2607,1.26114,0.00026,0.00027,0.00043,1.26081,1.2607579996790372,1.26086,1.26073,,,,,,1.0,buy break even,2022-05-31 19:46:00,1.26089,1.2603900000000001
2022-05-31 19:50:00,1.26136,1.26146,1.26128,1.26138,81,0,0,1.26035,1.26084,1.2612,0.00026,0.00025,0.00042,1.26137,1.2611562678222608,1.26146,1.2611562678222608,,,,,,1.0,buy break even,2022-05-31 20:03:00,1.26149,1.26081
2022-06-01 15:13:00,1.25811,1.25813,1.25772,1.25779,75,0,0,1.25852,1.25823,1.25778,0.00037,0.00037,0.00025,1.25794,1.258265943356195,1.258265943356195,1.25772,1.0,sell break even,2022-06-01 15:22:00,1.2582200000000001,1.25876,,,,,
2022-06-01 15:29:00,1.25812,1.25825,1.25808,1.25815,57,0,0,1.25845,1.25818,1.25791,0.00032,0.00033,0.00025,1.25815,1.2582619159842432,1.2582619159842432,1.25808,1.0,sell lose,2022-06-01 15:32:00,1.25804,1.2585300000000001,,,,,
2022-06-02 17:22:00,1.25393,1.25401,1.25365,1.2537,120,0,0,1.25453,1.2545,1.25435,0.00053,0.00049,0.00032,1.25382,1.2546624797032166,1.2546624797032166,1.25365,1.0,sell break even,2022-06-02 17:32:00,1.25454,1.25547,,,,,
2022-06-02 17:55:00,1.25391,1.25412,1.2539,1.25397,117,0,0,1.25452,1.2545,1.25449,0.00042,0.00044,0.00036,1.25397,1.2542396911192153,1.2542396911192153,1.2539,1.0,sell break even,2022-06-02 17:59:00,1.254435,1.25501,,,,,
2022-06-03 11:05:00,1.25758,1.2578,1.25753,1.2578,39,0,0,1.2573,1.25735,1.25756,0.00024,0.00023,0.00018,1.25768,1.2574096648102984,1.2578,1.2574096648102984,,,,,,1.0,buy lose,2022-06-03 11:25:00,1.25783,1.25714
2022-06-03 11:29:00,1.25747,1.25765,1.25747,1.25764,51,0,0,1.25738,1.25746,1.25761,0.00021,0.00021,0.00019,1.25756,1.2574447232347528,1.25765,1.2574447232347528,,,,,,1.0,buy lose,2022-06-03 12:04:00,1.25768,1.25711
2022-06-03 14:30:00,1.25656,1.25676,1.25652,1.25656,84,0,0,1.25696,1.25682,1.25667,0.0002,0.0002,0.00019,1.2566,1.25678227086715,1.25678227086715,1.25652,1.0,sell win_3,2022-06-03 15:30:00,1.25648,1.25703,,,,,
2022-06-03 16:21:00,1.25465,1.25465,1.25435,1.25443,117,0,0,1.25546,1.2549,1.25431,0.00033,0.00034,0.00026,1.25452,1.2547131737418626,1.2547131737418626,1.25435,1.0,sell lose,2022-06-03 16:26:00,1.25431,1.25498,,,,,
2022-06-03 17:36:00,1.2547,1.25471,1.2541,1.25412,118,0,0,1.25528,1.25502,1.25485,0.00043,0.00042,0.00034,1.25441,1.2547819967920757,1.2547819967920757,1.2541,1.0,sell win_3,2022-06-03 17:50:00,1.2545899999999999,1.25512,,,,,
2022-06-06 10:48:00,1.2524,1.25277,1.2524,1.25268,46,0,0,1.25136,1.25194,1.25245,0.00036,0.00035,0.00024,1.25256,1.2519392188145435,1.25277,1.2519392188145435,,,,,,1.0,buy win_3,2022-06-06 10:52:00,1.25218,1.25156
2022-06-06 12:38:00,1.25604,1.2562,1.25597,1.25604,75,0,0,1.25478,1.25585,1.25654,0.00031,0.00029,0.00035,1.25606,1.255830881451868,1.2562,1.255830881451868,,,,,,1.0,buy lose,2022-06-06 12:44:00,1.255805,1.25538
2022-06-06 12:46:00,1.25562,1.25589,1.2556,1.25586,45,0,0,1.25485,1.25583,1.2563,0.00029,0.00029,0.00035,1.25574,1.2555365268806713,1.25589,1.2555365268806713,,,,,,1.0,buy lose,2022-06-06 13:07:00,1.25592,1.25532
2022-06-06 16:17:00,1.255,1.25511,1.25498,1.25498,48,0,0,1.2554,1.25539,1.25522,0.00023,0.00024,0.00024,1.25502,1.255130826385464,1.255130826385464,1.25498,1.0,sell break even,2022-06-06 16:58:00,1.25494,1.25559,,,,,
2022-06-06 18:13:00,1.25384,1.25408,1.25376,1.25406,114,0,0,1.25497,1.25489,1.25488,0.00038,0.00038,0.00028,1.25394,1.2542827202714286,1.2542827202714286,1.25376,1.0,sell break even,2022-06-06 18:59:00,1.25454,1.25536,,,,,
2022-06-06 19:02:00,1.25424,1.25427,1.25398,1.25412,101,0,0,1.2544,1.25412,1.25383,0.00028,0.00028,0.0003,1.25415,1.2543399374527917,1.2543399374527917,1.25398,1.0,sell break even,2022-06-06 19:58:00,1.25394,1.25462,,,,,
2022-06-07 09:54:00,1.24707,1.24721,1.24702,1.24704,64,0,0,1.24745,1.24652,1.24591,0.00037,0.00037,0.0003,1.24708,1.2472975041879144,1.2472975041879144,1.24702,1.0,sell break even,2022-06-07 10:00:00,1.2473800000000002,1.2477800000000001,,,,,
2022-06-08 09:56:00,1.25729,1.25741,1.25712,1.2573,58,0,0,1.25707,1.25709,1.25726,0.00034,0.00033,0.0002,1.25728,1.2571434476718415,1.25741,1.25712,,,,,,1.0,buy lose,2022-06-08 10:00:00,1.25744,1.25678
2022-06-08 12:45:00,1.25378,1.25383,1.25353,1.25362,90,0,0,1.25428,1.25356,1.25309,0.00027,0.00026,0.00032,1.25369,1.2538691913656073,1.2538691913656073,1.25353,1.0,sell break even,2022-06-08 13:04:00,1.25349,1.25418,,,,,
2022-06-08 13:17:00,1.25384,1.25385,1.25371,1.25374,70,0,0,1.25409,1.25356,1.25343,0.00027,0.00029,0.00031,1.25379,1.2538758150381826,1.2538758150381826,1.25371,1.0,sell break even,2022-06-08 13:39:00,1.25367,1.25413,,,,,
2022-06-08 15:50:00,1.25374,1.25375,1.25358,1.25362,93,0,0,1.25415,1.25404,1.25373,0.00032,0.00032,0.00028,1.25367,1.2538740659740744,1.2538740659740744,1.25358,1.0,sell win_3,2022-06-08 15:54:00,1.2538999999999998,1.25426,,,,,
2022-06-08 17:20:00,1.25471,1.25481,1.25446,1.25481,116,0,0,1.2545,1.25465,1.25496,0.00038,0.00038,0.00032,1.2547,1.254513335968666,1.25481,1.25446,,,,,,1.0,buy break even,2022-06-08 17:21:00,1.25484,1.2542
2022-06-08 17:21:00,1.25482,1.25548,1.25478,1.25542,133,0,0,1.2545,1.25467,1.25498,0.0004,0.00038,0.00032,1.25512,1.254606667984333,1.25548,1.254606667984333,,,,,,1.0,buy lose,2022-06-08 17:37:00,1.254855,1.2542
2022-06-09 10:13:00,1.25251,1.25256,1.25208,1.2522,88,0,0,1.25231,1.252,1.25177,0.00033,0.00033,0.00021,1.25234,1.2526232300724858,1.2526232300724858,1.25208,1.0,sell win_3,2022-06-09 10:28:00,1.2524950000000001,1.25295,,,,,
2022-06-09 10:28:00,1.25179,1.25187,1.2512,1.2512,65,0,0,1.25227,1.252,1.25187,0.00033,0.00031,0.00022,1.25152,1.2520346143563863,1.2520346143563863,1.2512,1.0,sell win_3,2022-06-09 10:42:00,1.251835,1.25251,,,,,
2022-06-09 16:30:00,1.25371,1.25426,1.25371,1.2541,151,0,0,1.25336,1.25356,1.25364,0.00052,0.00053,0.00039,1.25395,1.2535050161016157,1.25426,1.2535050161016157,,,,,,1.0,buy win_3,2022-06-09 16:39:00,1.253585,1.25288
2022-06-09 16:49:00,1.25427,1.25445,1.25399,1.2544,167,0,0,1.25355,1.2538,1.25405,0.00054,0.00055,0.00043,1.25428,1.2541081001186676,1.25445,1.25399,,,,,,1.0,buy win_3,2022-06-09 16:51:00,1.254,1.25352
2022-06-09 16:51:00,1.25494,1.25523,1.25483,1.25523,164,0,0,1.25358,1.25384,1.25413,0.00053,0.00054,0.00043,1.25506,1.254437025029667,1.25523,1.254437025029667,,,,,,1.0,buy break even,2022-06-09 17:08:00,1.25439,1.25352
2022-06-09 18:45:00,1.25274,1.25274,1.25255,1.2526,85,0,0,1.25334,1.25322,1.25291,0.00035,0.00034,0.00048,1.25266,1.2530673938378376,1.2530673938378376,1.25255,1.0,sell win_3,2022-06-09 18:48:00,1.2530000000000001,1.25349,,,,,
2022-06-09 18:48:00,1.25217,1.25217,1.25175,1.25178,91,0,0,1.2533,1.25316,1.25281,0.00036,0.00036,0.00048,1.25197,1.2524259242297298,1.2524259242297298,1.25175,1.0,sell win_3,2022-06-09 22:03:00,1.2526,1.25349,,,,,
2022-06-10 10:31:00,1.24889,1.24893,1.24859,1.2486,145,0,0,1.24948,1.24932,1.24902,0.00035,0.00034,0.00021,1.24875,1.2492518903899403,1.2492518903899403,1.24859,1.0,sell break even,2022-06-10 10:34:00,1.249075,1.2496,,,,,
2022-06-10 11:27:00,1.24813,1.24816,1.24793,1.24807,125,0,0,1.24886,1.24852,1.24813,0.00029,0.00028,0.00027,1.24807,1.2483582853191342,1.2483582853191342,1.24793,1.0,sell break even,2022-06-10 11:29:00,1.248265,1.24864,,,,,
2022-06-10 11:53:00,1.24798,1.24801,1.24762,1.24777,97,0,0,1.24865,1.24832,1.24804,0.0003,0.00029,0.00029,1.24784,1.2481751293258114,1.2481751293258114,1.24762,1.0,sell lose,2022-06-10 12:13:00,1.24799,1.2484,,,,,
2022-06-10 12:15:00,1.24828,1.24828,1.24781,1.24781,119,0,0,1.24856,1.24828,1.24812,0.00024,0.00023,0.0003,1.24804,1.2483112192285368,1.2483112192285368,1.24781,1.0,sell break even,2022-06-10 12:21:00,1.248125,1.24848,,,,,
2022-06-10 12:24:00,1.24767,1.24774,1.2475,1.24758,135,0,0,1.24849,1.2482,1.24799,0.00027,0.00027,0.00031,1.24762,1.2477978734750557,1.2477978734750557,1.2475,1.0,sell break even,2022-06-10 12:32:00,1.247855,1.24825,,,,,
2022-06-10 15:31:00,1.24045,1.2417,1.24036,1.24095,333,0,6,1.24481,1.2441,1.24375,0.00076,0.00048,0.00029,1.24086,1.2440077799828524,1.2440077799828524,1.24036,1.0,sell break even,2022-06-10 15:42:00,1.24309,1.24586,,,,,
2022-06-13 10:11:00,1.22713,1.22722,1.22691,1.22693,175,0,0,1.22716,1.22665,1.22603,0.00052,0.00053,0.00029,1.22705,1.227216307342811,1.22722,1.22691,1.0,sell break even,2022-06-13 10:18:00,1.22739,1.22791,,,,,
2022-06-13 10:20:00,1.22671,1.22671,1.22638,1.22646,125,0,0,1.22713,1.22667,1.22626,0.00047,0.00047,0.0003,1.22657,1.2268946216940289,1.2268946216940289,1.22638,1.0,sell break even,2022-06-13 10:24:00,1.22689,1.22744,,,,,
2022-06-13 10:27:00,1.22588,1.22598,1.22542,1.22562,128,0,0,1.22707,1.22663,1.22627,0.00049,0.00047,0.00032,1.22572,1.226547692356985,1.226547692356985,1.22542,1.0,sell break even,2022-06-13 10:35:00,1.226225,1.22707,,,,,
2022-06-13 10:40:00,1.22657,1.22666,1.22631,1.22635,112,0,0,1.22695,1.22651,1.2262,0.00045,0.00046,0.00033,1.22647,1.2267329721304143,1.2267329721304143,1.22631,1.0,sell win_3,2022-06-13 10:44:00,1.2267700000000001,1.22727,,,,,
2022-06-13 10:44:00,1.22593,1.22593,1.22492,1.22493,164,0,0,1.2269,1.22647,1.22614,0.00049,0.00046,0.00034,1.22543,1.226222685758151,1.226222685758151,1.22492,1.0,sell win_3,2022-06-13 11:00:00,1.2258,1.22672,,,,,
2022-06-13 16:08:00,1.2184,1.21844,1.21818,1.21833,151,0,0,1.21972,1.21916,1.21914,0.00043,0.00044,0.00038,1.21834,1.2185332395220143,1.2185332395220143,1.21818,1.0,sell break even,2022-06-13 16:11:00,1.2187350000000001,1.21933,,,,,
2022-06-13 16:16:00,1.21918,1.21932,1.21883,1.21892,125,0,0,1.21967,1.21915,1.21911,0.00043,0.00043,0.00038,1.21906,1.2193070829668828,1.21932,1.21883,1.0,sell break even,2022-06-13 16:20:00,1.21923,1.21967,,,,,
2022-06-13 16:21:00,1.21891,1.21894,1.21842,1.21845,130,0,0,1.21964,1.21913,1.21909,0.00043,0.00043,0.00039,1.21868,1.219119596342715,1.219119596342715,1.21842,1.0,sell win_3,2022-06-13 16:28:00,1.2189100000000002,1.21944,,,,,
2022-06-13 16:36:00,1.21846,1.2186,1.21813,1.21825,232,0,0,1.21942,1.2189,1.21866,0.00047,0.00044,0.00039,1.21836,1.2187952520628766,1.2187952520628766,1.21813,1.0,sell break even,2022-06-13 16:46:00,1.218795,1.2195,,,,,
2022-06-13 16:48:00,1.21847,1.21853,1.21822,1.21832,184,0,0,1.21928,1.21877,1.21849,0.0005,0.00051,0.0004,1.21838,1.218606663879898,1.218606663879898,1.21822,1.0,sell win_3,2022-06-13 16:57:00,1.21868,1.21918,,,,,
2022-06-13 17:08:00,1.21808,1.21818,1.21788,1.21796,136,0,0,1.21905,1.21855,1.21822,0.0005,0.00052,0.00042,1.21802,1.218208064619697,1.218208064619697,1.21788,1.0,sell win_3,2022-06-13 17:12:00,1.218215,1.21859,,,,,
2022-06-13 18:22:00,1.21573,1.21577,1.2155,1.21551,96,0,0,1.2168,1.2158,1.2149,0.00041,0.00042,0.00047,1.21563,1.2158396012789057,1.2158396012789057,1.2155,1.0,sell lose,2022-06-13 18:24:00,1.215875,1.21629,,,,,
2022-06-14 11:57:00,1.21711,1.21711,1.21629,1.21631,127,0,0,1.21754,1.21753,1.21733,0.00046,0.00045,0.00043,1.2167,1.2171426240471763,1.2171426240471763,1.21629,1.0,sell win_3,2022-06-14 11:58:00,1.216995,1.21774,,,,,
2022-06-14 11:58:00,1.21628,1.21633,1.21508,1.21509,195,0,0,1.21752,1.21749,1.21724,0.00052,0.00046,0.00043,1.2157,1.216921312023588,1.216921312023588,1.21508,1.0,sell win_3,2022-06-14 12:39:00,1.21634,1.21764,,,,,
2022-06-14 15:45:00,1.20888,1.209,1.20768,1.20773,183,0,0,1.21006,1.2089,1.2084,0.00053,0.00048,0.00045,1.20832,1.2092720657556817,1.2092720657556817,1.20768,1.0,sell win_3,2022-06-14 16:44:00,1.20876,1.20988,,,,,
2022-06-14 19:01:00,1.20052,1.20053,1.20002,1.20022,223,0,0,1.20338,1.20189,1.20079,0.00061,0.00059,0.00056,1.20032,1.2011436048617077,1.2011436048617077,1.20002,1.0,sell break even,2022-06-14 20:06:00,1.200995,1.20201,,,,,
2022-06-15 08:45:00,1.20118,1.20119,1.2008,1.20085,124,0,0,1.20134,1.20095,1.20052,0.00039,0.00038,0.0002,1.201,1.201382780787169,1.201382780787169,1.2008,1.0,sell lose,2022-06-15 08:51:00,1.201265,1.20177,,,,,
2022-06-15 08:58:00,1.20129,1.20129,1.20064,1.20064,95,0,0,1.20136,1.20105,1.2009,0.00035,0.00033,0.0002,1.20096,1.2014968973121078,1.2014968973121078,1.20064,1.0,sell break even,2022-06-15 09:00:00,1.201185,1.20177,,,,,
2022-06-16 09:31:00,1.21351,1.21388,1.21331,1.21338,158,0,0,1.21492,1.21462,1.21443,0.00041,0.00036,0.00024,1.21352,1.2145550293097245,1.2145550293097245,1.21331,1.0,sell win_3,2022-06-16 09:44:00,1.214215,1.21516,,,,,
2022-06-16 11:05:00,1.20938,1.20947,1.20922,1.20925,130,0,0,1.21131,1.20991,1.20845,0.00054,0.00056,0.00037,1.20933,1.2096182011683674,1.2096182011683674,1.20922,1.0,sell break even,2022-06-16 11:07:00,1.20965,1.21012,,,,,
2022-06-16 11:19:00,1.20904,1.20924,1.20852,1.20862,185,0,0,1.21103,1.20976,1.20877,0.00062,0.00058,0.0004,1.20886,1.2094393291138408,1.2094393291138408,1.20852,1.0,sell break even,2022-06-16 11:38:00,1.20933,1.21018,,,,,
2022-06-16 17:09:00,1.22374,1.22397,1.2234,1.22395,260,0,0,1.22014,1.22245,1.22445,0.00077,0.00075,0.00095,1.22376,1.2231692280673463,1.22397,1.2231692280673463,,,,,,1.0,buy win_3,2022-06-16 17:18:00,1.22319,1.22238
2022-06-16 17:52:00,1.22564,1.22623,1.22524,1.22621,272,0,0,1.22219,1.22431,1.22577,0.00074,0.0007,0.00081,1.22583,1.224869475362964,1.22623,1.224869475362964,,,,,,1.0,buy win_3,2022-06-16 17:56:00,1.22505,1.22384
2022-06-17 18:10:00,1.221,1.22102,1.2205,1.22053,273,0,0,1.22286,1.22108,1.21947,0.00061,0.00062,0.0005,1.22076,1.2210985354622796,1.2210985354622796,1.2205,1.0,sell break even,2022-06-17 18:16:00,1.221115,1.22177,,,,,
2022-06-17 18:25:00,1.22104,1.22118,1.22084,1.221,237,0,0,1.22259,1.22105,1.22015,0.00053,0.00055,0.00051,1.22102,1.2213522631388996,1.2213522631388996,1.22084,1.0,sell break even,2022-06-17 18:30:00,1.22138,1.22196,,,,,
