,open,high,low,close,tick_volume,real_volume,spread,ema_200,ema_117,ema_50,atr,atr_sma_5,atr_sma_200,heikin_close,heikin_open,heikin_high,heikin_low,s_heikin_em_v1_buy,s_heikin_em_v1_buy_results,s_heikin_em_v1_buy_end,s_heikin_em_v1_buy_enter,s_heikin_em_v1_buy_stop,s_heikin_em_v1_sell,s_heikin_em_v1_sell_results,s_heikin_em_v1_sell_end,s_heikin_em_v1_sell_enter,s_heikin_em_v1_sell_stop
2022-03-15 17:59:00,118.172,118.206,118.17,118.2,235,0,0,118.09055,118.13604,118.18835,0.0231,0.02167,0.02196,118.187,118.15605420373429,118.206,118.15605420373429,1.0,buy win_3,2022-03-15 18:13:00,118.1605,118.112,,,,,
2022-03-16 08:54:00,118.254,118.258,118.253,118.258,37,0,0,118.25645,118.26096,118.27239,0.0112,0.01156,0.01083,118.25575,118.25154222641204,118.258,118.25154222641204,1.0,buy lose,2022-03-16 08:56:00,118.261,118.239,,,,,
2022-03-16 09:01:00,118.255,118.262,118.25,118.256,85,0,0,118.25531,118.25856,118.2645,0.0124,0.01233,0.01095,118.25575,118.24171712676883,118.262,118.24171712676883,1.0,buy break even,2022-03-16 10:18:00,118.265,118.214,,,,,
2022-03-16 10:20:00,118.313,118.328,118.303,118.309,194,0,0,118.29973,118.31748,118.33576,0.02091,0.01784,0.01312,118.31325,118.29664559488477,118.328,118.29664559488477,1.0,buy break even,2022-03-16 10:32:00,118.293,118.255,,,,,
2022-03-16 10:34:00,118.314,118.331,118.314,118.325,128,0,0,118.30324,118.31935,118.33134,0.02073,0.01972,0.01381,118.321,118.3093919003659,118.331,118.3093919003659,1.0,buy lose,2022-03-16 12:36:00,118.334,118.286,,,,,
2022-03-16 16:19:00,118.311,118.331,118.296,118.326,287,0,0,118.29604,118.30019,118.31216,0.0272,0.02476,0.01435,118.316,118.30022339150084,118.331,118.296,1.0,buy break even,2022-03-16 16:39:00,118.286,118.238,,,,,
2022-03-16 16:46:00,118.299,118.328,118.299,118.32,154,0,0,118.30014,118.30475,118.31053,0.03591,0.03632,0.01622,118.3115,118.28628534280676,118.328,118.28628534280676,1.0,buy win_3,2022-03-16 16:58:00,118.2835,118.236,,,,,
2022-03-18 08:30:00,118.766,118.766,118.763,118.764,16,0,0,118.75491,118.76477,118.77105,0.00943,0.01009,0.00851,118.76475,118.76339254252204,118.766,118.763,1.0,buy win_3,2022-03-18 08:43:00,118.769,118.755,,,,,
2022-03-18 09:49:00,118.852,118.858,118.851,118.852,24,0,0,118.82926,118.86176,118.8966,0.02067,0.02187,0.01177,118.85325,118.847236205057,118.858,118.847236205057,1.0,buy break even,2022-03-18 10:32:00,118.861,118.827,,,,,
2022-03-18 11:04:00,118.892,118.9,118.89,118.9,24,0,0,118.84788,118.86302,118.86334,0.01499,0.01521,0.01515,118.8955,118.88242849512424,118.9,118.88242849512424,1.0,buy break even,2022-03-18 11:51:00,118.903,118.85,,,,,
2022-03-18 14:48:00,119.048,119.06,119.048,119.059,34,0,0,119.01659,119.04379,119.05754,0.01603,0.0164,0.0148,119.05375,119.0451543181738,119.06,119.0451543181738,1.0,buy break even,2022-03-18 14:50:00,119.063,119.026,,,,,
2022-03-18 14:51:00,119.208,119.233,119.128,119.138,279,0,0,119.01995,119.04812,119.06587,0.03541,0.02289,0.015,119.17675,119.0938005397717,119.233,119.0938005397717,1.0,buy win_3,2022-03-18 15:13:00,119.1385,119.041,,,,,
2022-03-21 11:41:00,119.229,119.23,119.228,119.23,18,0,0,119.22835,119.22982,119.23674,0.01127,0.01177,0.01178,119.22925,119.22376545434716,119.23,119.22376545434716,1.0,buy lose,2022-03-21 11:49:00,119.233,119.21,,,,,
2022-03-21 11:51:00,119.223,119.231,119.223,119.23,49,0,0,119.22808,119.22914,119.23293,0.0123,0.01161,0.01198,119.22675,119.21796974165464,119.231,119.21796974165464,1.0,buy lose,2022-03-21 12:22:00,119.234,119.198,,,,,
2022-03-21 14:56:00,119.235,119.24,119.23,119.233,41,0,0,119.21164,119.2142,119.22724,0.01339,0.01341,0.01286,119.2345,119.22471526965656,119.24,119.22471526965656,2.0,,1970-01-01 00:00:00,119.243,119.205,,,,,
2022-03-22 14:05:00,120.778,120.799,120.776,120.793,118,0,0,120.74147,120.79736,120.79914,0.03179,0.03252,0.02931,120.7865,120.76930381063984,120.799,120.76930381063984,1.0,buy break even,2022-03-22 14:32:00,120.802,120.736,,,,,
2022-03-24 17:04:00,121.924,121.933,121.92,121.925,131,0,0,121.82614,121.8822,121.92594,0.0226,0.02204,0.02395,121.9255,121.90927719810672,121.933,121.90927719810672,1.0,buy lose,2022-03-24 17:14:00,121.936,121.879,,,,,
2022-03-24 17:19:00,121.894,121.898,121.89,121.892,109,0,0,121.83653,121.88631,121.91385,0.02296,0.02382,0.02376,121.8935,121.88096071707758,121.898,121.88096071707758,1.0,buy win_3,2022-03-24 17:26:00,121.863,121.825,,,,,
2022-03-24 17:26:00,121.939,121.963,121.939,121.958,96,0,0,121.84192,121.88972,121.91477,0.02159,0.02146,0.02376,121.94975,121.91929656810215,121.963,121.91929656810215,1.0,buy break even,2022-03-24 17:42:00,121.92099999999999,121.876,,,,,
2022-03-24 17:47:00,122.004,122.06,122.003,122.036,161,0,0,121.86576,121.91335,121.94561,0.02854,0.02461,0.0241,122.02575,121.97384103228882,122.06,121.97384103228882,1.0,buy win_3,2022-03-24 18:31:00,121.986,121.909,,,,,
2022-03-25 09:10:00,121.734,121.762,121.734,121.754,76,0,0,121.71237,121.74031,121.80018,0.03484,0.03302,0.02916,121.746,121.70585054243034,121.762,121.70585054243034,1.0,buy win_3,2022-03-25 09:17:00,121.707,121.649,,,,,
2022-03-28 09:36:00,123.147,123.173,123.137,123.17,125,0,0,123.04893,123.11055,123.13471,0.03232,0.03118,0.02383,123.15675,123.11908360231288,123.173,123.11908360231288,1.0,buy break even,2022-03-28 09:39:00,123.1255,123.075,,,,,
2022-03-28 09:46:00,123.114,123.144,123.114,123.133,90,0,0,123.05585,123.11225,123.13004,0.02954,0.03054,0.02444,123.12625,123.107804036721,123.144,123.107804036721,1.0,buy win_3,2022-03-28 09:55:00,123.111,123.075,,,,,
2022-03-28 12:53:00,124.274,124.32,124.262,124.32,193,0,0,124.06342,124.28787,124.42135,0.0747,0.07604,0.05985,124.294,124.23754077972794,124.32,124.23754077972794,1.0,buy break even,2022-03-28 13:21:00,124.1835,124.044,,,,,
2022-03-30 10:34:00,121.672,121.698,121.61,121.629,205,0,0,121.87106,121.85483,121.85449,0.05475,0.04934,0.04111,121.65225,121.76435336211976,121.76435336211976,121.61,,,,,,1.0,sell lose,2022-03-30 10:47:00,121.735,121.863
2022-03-30 10:52:00,121.743,121.765,121.724,121.76,186,0,0,121.85246,121.82963,121.80834,0.05021,0.04878,0.04142,121.748,121.81267394105286,121.81267394105286,121.724,,,,,,1.0,sell break even,2022-03-30 10:55:00,121.7925,121.864
2022-03-31 10:52:00,121.649,121.652,121.635,121.636,80,0,0,121.80876,121.68912,121.58351,0.03619,0.0377,0.0365,121.643,121.6637434763596,121.6637434763596,121.635,,,,,,1.0,sell lose,2022-03-31 11:00:00,121.632,121.695
2022-03-31 15:13:00,121.745,121.753,121.728,121.732,91,0,0,121.79771,121.75429,121.70396,0.03497,0.0369,0.03114,121.7395,121.76085528993364,121.76085528993364,121.728,,,,,,1.0,sell lose,2022-03-31 15:15:00,121.7635,121.802
2022-03-31 15:26:00,121.774,121.792,121.774,121.783,85,0,0,121.79929,121.76551,121.74707,0.03202,0.03244,0.03041,121.78075,121.81075028751098,121.81075028751098,121.774,,,,,,1.0,sell break even,2022-03-31 15:30:00,121.8075,121.844
2022-03-31 15:31:00,121.728,121.735,121.702,121.713,151,0,1,121.79703,121.76445,121.74794,0.03564,0.03219,0.0302,121.7195,121.7653750089847,121.7653750089847,121.702,,,,,,1.0,sell break even,2022-03-31 15:43:00,121.7585,121.818
2022-03-31 16:25:00,121.719,121.723,121.685,121.689,131,0,0,121.74428,121.70743,121.6785,0.03493,0.03511,0.03134,121.704,121.72648832710914,121.72648832710914,121.685,,,,,,1.0,sell break even,2022-03-31 16:29:00,121.7225,121.763
2022-03-31 16:43:00,121.653,121.68,121.628,121.628,132,0,0,121.73077,121.69544,121.67,0.03981,0.0385,0.03239,121.64725,121.6786271266492,121.68,121.628,,,,,,1.0,sell win_3,2022-03-31 16:52:00,121.676,121.727
2022-03-31 17:21:00,121.672,121.685,121.659,121.678,129,0,0,121.69612,121.66161,121.64361,0.0396,0.04057,0.03515,121.6735,121.69758400135782,121.69758400135782,121.659,,,,,,1.0,sell break even,2022-03-31 17:31:00,121.702,121.748
2022-04-01 10:42:00,122.517,122.555,122.516,122.552,120,0,0,122.46872,122.48842,122.52954,0.03466,0.03433,0.02945,122.535,122.50452919300876,122.555,122.50452919300876,1.0,buy break even,2022-04-01 10:44:00,122.5095,122.461,,,,,
2022-04-01 10:55:00,122.505,122.531,122.5,122.531,109,0,0,122.47272,122.49101,122.51805,0.03192,0.03329,0.02977,122.51675,122.49465655873938,122.531,122.49465655873938,1.0,buy win_3,2022-04-01 10:58:00,122.4975,122.461,,,,,
2022-04-01 10:58:00,122.544,122.604,122.539,122.603,95,0,0,122.47556,122.4949,122.52384,0.03514,0.03302,0.02991,122.5725,122.54055081984242,122.604,122.539,1.0,buy win_3,2022-04-01 11:01:00,122.54650000000001,122.486,,,,,
2022-04-01 17:16:00,122.849,122.87,122.845,122.868,117,0,0,122.72059,122.803,122.88108,0.04173,0.04411,0.03186,122.858,122.82751220311822,122.87,122.82751220311822,1.0,buy break even,2022-04-01 17:19:00,122.83500000000001,122.797,,,,,
2022-04-01 17:24:00,122.841,122.864,122.839,122.862,110,0,0,122.72949,122.80726,122.86882,0.03563,0.03715,0.03244,122.8515,122.82751957891844,122.864,122.82751957891844,1.0,buy break even,2022-04-01 17:37:00,122.867,122.8,,,,,
2022-04-01 17:52:00,122.861,122.874,122.845,122.857,140,0,0,122.76874,122.83827,122.87911,0.03265,0.03154,0.03414,122.85925,122.83479410877644,122.874,122.83479410877644,1.0,buy win_3,2022-04-01 18:09:00,122.8375,122.798,,,,,
2022-04-05 11:38:00,122.823,122.853,122.818,122.853,96,0,0,122.73035,122.79298,122.85294,0.02762,0.02693,0.02252,122.83675,122.81774377581556,122.853,122.81774377581556,1.0,buy lose,2022-04-05 12:03:00,122.856,122.788,,,,,
2022-04-05 14:25:00,122.862,122.871,122.861,122.868,39,0,0,122.84873,122.88233,122.90142,0.02247,0.02312,0.02191,122.8655,122.85759607192848,122.871,122.85759607192848,1.0,buy break even,2022-04-05 15:05:00,122.874,122.837,,,,,
2022-04-05 17:14:00,123.123,123.17,123.108,123.124,336,0,0,122.85928,122.86087,122.87058,0.04927,0.04249,0.02364,123.13125,122.99590698344892,123.17,122.99590698344892,1.0,buy win_3,2022-04-05 17:35:00,123.0135,122.854,,,,,
2022-04-07 17:09:00,123.948,123.962,123.948,123.953,85,0,0,123.89928,123.92128,123.92934,0.02518,0.02527,0.02031,123.95275,123.92797451493126,123.962,123.92797451493126,1.0,buy break even,2022-04-07 17:33:00,123.92699999999999,123.889,,,,,
2022-04-08 09:01:00,123.981,124.017,123.98,124.017,113,0,0,123.95054,123.9626,123.97059,0.02067,0.01833,0.01291,123.99875,123.96381326837714,124.017,123.96381326837714,1.0,buy break even,2022-04-08 09:05:00,123.9805,123.941,,,,,
2022-04-08 10:59:00,124.039,124.051,124.034,124.048,99,0,0,124.03361,124.05844,124.07371,0.0204,0.02038,0.01711,124.043,124.03152758312692,124.051,124.03152758312692,1.0,buy break even,2022-04-08 11:12:00,124.054,124.006,,,,,
2022-04-08 17:16:00,124.487,124.514,124.482,124.509,119,0,0,124.38259,124.46502,124.53494,0.03395,0.03468,0.02184,124.498,124.47843257330824,124.514,124.47843257330824,1.0,buy break even,2022-04-08 17:21:00,124.479,124.441,,,,,
2022-04-08 17:26:00,124.471,124.482,124.47,124.477,91,0,0,124.39142,124.46662,124.51505,0.03178,0.03292,0.023,124.475,124.46376946540364,124.482,124.46376946540364,1.0,buy break even,2022-04-08 17:41:00,124.485,124.426,,,,,
2022-04-11 11:36:00,125.261,125.296,125.261,125.277,154,0,0,125.17062,125.21662,125.22243,0.02704,0.0262,0.03245,125.27375,125.23375558008058,125.296,125.23375558008058,1.0,buy win_3,2022-04-11 12:03:00,125.2505,125.202,,,,,
2022-04-12 10:26:00,125.582,125.591,125.579,125.588,84,0,0,125.53477,125.58207,125.62173,0.02975,0.03126,0.02513,125.585,125.56809914118568,125.591,125.56809914118568,1.0,buy break even,2022-04-12 10:34:00,125.556,125.518,,,,,
2022-04-12 11:30:00,125.588,125.59,125.575,125.585,104,0,0,125.54974,125.573,125.57853,0.02435,0.0254,0.02793,125.5845,125.5740670581378,125.59,125.5740670581378,1.0,buy win_3,2022-04-12 11:50:00,125.593,125.544,,,,,
2022-04-13 09:03:00,125.6,125.609,125.593,125.608,66,0,0,125.58583,125.602,125.61203,0.01689,0.01605,0.0139,125.6025,125.59500575642318,125.609,125.593,1.0,buy win_3,2022-04-13 09:20:00,125.612,125.569,,,,,
2022-04-13 12:00:00,126.044,126.072,126.041,126.063,74,0,0,125.99149,126.05289,126.06263,0.02775,0.02857,0.03755,126.055,126.03592667749828,126.072,126.03592667749828,1.0,buy break even,2022-04-13 12:41:00,126.075,126.011,,,,,
2022-04-13 12:44:00,126.097,126.103,126.093,126.103,33,0,0,126.04135,126.09503,126.122,0.02427,0.0251,0.03864,126.099,126.09495006294438,126.103,126.093,1.0,buy break even,2022-04-13 12:49:00,126.106,126.068,,,,,
2022-04-19 11:57:00,128.324,128.346,128.322,128.325,124,0,0,128.15566,128.21436,128.29403,0.03965,0.04167,0.03896,128.32925,128.3093656227323,128.346,128.3093656227323,1.0,buy break even,2022-04-19 13:24:00,128.2735,128.198,,,,,
2022-04-21 15:55:00,128.133,128.16,128.132,128.152,114,0,0,128.13614,128.15815,128.17404,0.03922,0.04048,0.0278,128.14425,128.11729879754307,128.16,128.11729879754307,1.0,buy break even,2022-04-21 16:00:00,128.119,128.07500000000002,,,,,
2022-04-21 17:29:00,128.319,128.339,128.307,128.338,88,0,0,128.23693,128.2828,128.33577,0.03423,0.03422,0.03361,128.32575,128.30534081188154,128.339,128.30534081188154,1.0,buy win_3,2022-04-21 17:50:00,128.34199999999998,128.27800000000002,,,,,
2022-04-22 16:49:00,128.382,128.417,128.366,128.417,246,0,0,128.40236,128.43019,128.45985,0.05688,0.05795,0.02733,128.3955,128.3722210741241,128.417,128.366,1.0,buy break even,2022-04-22 16:51:00,128.3505,128.281,,,,,
2022-04-22 16:58:00,128.366,128.416,128.365,128.406,158,0,0,128.39968,128.42177,128.43308,0.04771,0.04918,0.0283,128.38825,128.35856683803542,128.416,128.35856683803542,1.0,buy break even,2022-04-22 17:01:00,128.3775,128.336,,,,,
2022-04-22 18:04:00,128.641,128.667,128.567,128.618,270,0,0,128.37079,128.37184,128.38065,0.05465,0.04464,0.03387,128.62325,128.52757890138477,128.667,128.52757890138477,1.0,buy win_3,2022-04-22 18:11:00,128.515,128.36,,,,,
2022-04-25 11:11:00,128.288,128.295,128.25,128.259,106,0,0,128.28279,128.22707,128.19407,0.04134,0.04155,0.03349,128.273,128.30192607870498,128.30192607870498,128.25,,,,,,1.0,sell win_3,2022-04-25 11:22:00,128.2875,128.32799999999997
2022-04-25 11:23:00,128.187,128.196,128.181,128.185,110,0,0,128.27577,128.2258,128.20339,0.03245,0.03428,0.03453,128.18725,128.20201878078095,128.20201878078095,128.181,,,,,,1.0,sell win_3,2022-04-25 11:31:00,128.17800000000003,128.248
2022-04-25 16:23:00,128.103,128.103,128.042,128.044,114,0,0,128.18158,128.17987,128.17796,0.03711,0.03366,0.0323,128.073,128.13824676331367,128.13824676331367,128.042,,,,,,1.0,sell win_3,2022-04-25 16:34:00,128.1165,128.194
2022-04-26 10:11:00,127.882,127.884,127.83,127.834,242,0,0,127.92593,127.91874,127.88252,0.04489,0.04395,0.03005,127.8575,127.92213910621282,127.92213910621282,127.83,,,,,,1.0,sell win_3,2022-04-26 10:39:00,127.8925,127.958
2022-04-26 10:59:00,127.899,127.909,127.89,127.89,139,0,0,127.89259,127.87551,127.85624,0.0348,0.03597,0.03266,127.897,127.90945343422304,127.90945343422304,127.89,,,,,,1.0,sell break even,2022-04-26 11:01:00,127.92349999999999,127.96
2022-04-26 17:13:00,127.282,127.282,127.247,127.252,144,0,0,127.37786,127.27612,127.20353,0.03938,0.03979,0.03798,127.26575,127.29106833982324,127.29106833982324,127.247,,,,,,1.0,sell break even,2022-04-26 17:25:00,127.28649999999999,127.329
2022-04-26 17:34:00,127.311,127.311,127.289,127.297,162,0,0,127.35667,127.27363,127.24346,0.03187,0.03257,0.03887,127.302,127.32075484290998,127.32075484290998,127.289,,,,,,1.0,sell break even,2022-04-26 17:38:00,127.286,127.342
2022-04-26 17:39:00,127.222,127.252,127.219,127.242,191,0,0,127.35199,127.27255,127.24642,0.03391,0.03209,0.03904,127.23375,127.26850796384092,127.26850796384092,127.219,,,,,,1.0,sell break even,2022-04-26 17:41:00,127.261,127.306
2022-04-26 17:46:00,127.195,127.222,127.191,127.206,209,0,0,127.34373,127.26772,127.24218,0.03627,0.03491,0.03939,127.2035,127.2337676403425,127.2337676403425,127.191,,,,,,1.0,sell break even,2022-04-26 18:12:00,127.24000000000001,127.292
2022-04-27 10:36:00,127.78,127.833,127.779,127.828,188,0,0,127.79378,127.84011,127.84986,0.03892,0.03869,0.0284,127.805,127.7677683567374,127.833,127.7677683567374,1.0,buy break even,2022-04-27 10:45:00,127.7815,127.727,,,,,
2022-04-27 10:47:00,127.838,127.842,127.824,127.825,153,0,0,127.79817,127.83934,127.84441,0.03482,0.0349,0.02919,127.83225,127.81156556072106,127.842,127.81156556072106,1.0,buy break even,2022-04-27 11:24:00,127.845,127.776,,,,,
2022-04-27 11:36:00,127.853,127.872,127.848,127.871,178,0,0,127.83867,127.87306,127.87993,0.02881,0.02901,0.03127,127.861,127.8362301020885,127.872,127.8362301020885,1.0,buy win_3,2022-04-27 11:39:00,127.839,127.803,,,,,
2022-04-27 11:39:00,127.909,127.931,127.906,127.924,99,0,0,127.84069,127.87477,127.88304,0.02841,0.02884,0.03139,127.9175,127.88127876276108,127.931,127.88127876276108,1.0,buy break even,2022-04-27 11:48:00,127.877,127.82,,,,,
2022-04-27 11:50:00,127.92,127.92,127.9,127.913,112,0,0,127.84956,127.88345,127.89766,0.02931,0.02896,0.03171,127.91325,127.89752625916152,127.92,127.89752625916152,1.0,buy break even,2022-04-27 12:04:00,127.923,127.866,,,,,
2022-04-28 10:21:00,130.156,130.21,130.156,130.163,245,0,0,129.96332,130.14067,130.26973,0.08886,0.08611,0.05652,130.17125,130.13121965461045,130.21,130.13121965461045,1.0,buy win_3,2022-04-28 10:43:00,130.07999999999998,129.947,,,,,
2022-04-28 17:00:00,130.897,130.899,130.857,130.878,186,0,0,130.69043,130.72658,130.74083,0.04825,0.0472,0.04933,130.88275,130.82196189203705,130.899,130.82196189203705,1.0,buy win_3,2022-04-28 17:15:00,130.81,130.71800000000002,,,,,
2022-04-29 13:08:00,130.323,130.342,130.307,130.339,160,0,0,130.2445,130.25182,130.31503,0.04045,0.03805,0.04039,130.32775,130.2597663254886,130.342,130.2597663254886,1.0,buy break even,2022-04-29 13:25:00,130.2765,130.20800000000003,,,,,
2022-04-29 16:25:00,130.245,130.289,130.245,130.285,219,0,0,130.14816,130.15051,130.18204,0.04967,0.04945,0.04397,130.266,130.2000221006181,130.289,130.2000221006181,1.0,buy break even,2022-04-29 16:45:00,130.2165,130.14100000000002,,,,,
2022-05-02 17:07:00,130.108,130.175,130.095,130.16,235,0,0,130.00865,130.02995,130.07311,0.05263,0.04982,0.02931,130.1345,130.06001500143216,130.175,130.06001500143216,1.0,buy break even,2022-05-02 17:22:00,130.1015,130.025,,,,,
2022-05-02 17:40:00,130.101,130.104,130.073,130.098,175,0,0,130.04329,130.07308,130.11038,0.0335,0.03388,0.03248,130.094,130.0795496450001,130.104,130.073,1.0,buy win_3,2022-05-02 18:13:00,130.107,130.049,,,,,
2022-05-03 09:15:00,130.097,130.116,130.097,130.115,69,0,0,130.08688,130.10794,130.12419,0.02073,0.02092,0.01533,130.10625,130.0877708729524,130.116,130.0877708729524,1.0,buy break even,2022-05-03 09:34:00,130.119,130.067,,,,,
2022-05-03 09:48:00,130.125,130.132,130.122,130.124,112,0,0,130.0977,130.11516,130.12288,0.0214,0.02169,0.0164,130.12575,130.1077001353259,130.132,130.1077001353259,1.0,buy break even,2022-05-03 09:58:00,130.135,130.08300000000003,,,,,
2022-05-03 10:01:00,130.156,130.235,130.156,130.218,244,0,0,130.10471,130.12319,130.13644,0.02764,0.02433,0.0171,130.19125,130.14255834352235,130.235,130.14255834352235,1.0,buy break even,2022-05-03 10:19:00,130.178,130.11800000000002,,,,,
2022-05-03 10:31:00,130.182,130.2,130.17,130.176,107,0,0,130.13179,130.15692,130.18157,0.02821,0.02738,0.01973,130.182,130.15748016680527,130.2,130.15748016680527,1.0,buy break even,2022-05-03 11:09:00,130.161,130.11900000000003,,,,,
2022-05-04 17:47:00,130.006,130.026,130.001,130.025,93,0,0,129.99642,130.01187,130.04113,0.02403,0.0239,0.0249,130.0145,129.99923650372725,130.026,129.99923650372725,1.0,buy lose,2022-05-04 17:56:00,130.029,129.979,,,,,
2022-05-05 14:19:00,129.736,129.776,129.73,129.766,180,0,0,129.66322,129.69205,129.71623,0.03261,0.03092,0.02538,129.752,129.72006942405727,129.776,129.72006942405727,1.0,buy win_3,2022-05-05 14:24:00,129.72899999999998,129.679,,,,,
2022-05-05 15:25:00,129.775,129.81,129.775,129.796,236,0,0,129.77267,129.82178,129.85179,0.0332,0.03344,0.02709,129.789,129.766453166293,129.81,129.766453166293,1.0,buy break even,2022-05-05 15:30:00,129.777,129.741,,,,,
2022-05-05 18:35:00,130.312,130.328,130.288,130.311,204,0,0,130.13874,130.22953,130.31101,0.03752,0.03547,0.03879,130.30975,130.2896801107933,130.328,130.288,1.0,buy win_3,2022-05-05 18:55:00,130.2775,130.22400000000002,,,,,
2022-05-09 09:30:00,131.044,131.053,131.04,131.043,111,0,0,130.99366,131.02526,131.04391,0.02033,0.02123,0.02035,131.045,131.03693479171588,131.053,131.03693479171588,1.0,buy win_3,2022-05-09 09:40:00,131.05599999999998,131.014,,,,,
2022-05-09 10:41:00,131.178,131.197,131.178,131.193,132,0,0,131.09361,131.14252,131.18595,0.03345,0.03319,0.02402,131.1865,131.168412286705,131.197,131.168412286705,1.0,buy break even,2022-05-09 11:01:00,131.1645,131.12900000000002,,,,,
2022-05-10 12:23:00,130.221,130.232,130.208,130.213,99,0,0,130.25269,130.21189,130.17054,0.02622,0.02655,0.02778,130.2185,130.2296198705241,130.232,130.208,,,,,,1.0,sell lose,2022-05-10 12:30:00,130.205,130.25199999999998
2022-05-10 13:02:00,130.145,130.17,130.137,130.169,146,0,0,130.23391,130.20293,130.18618,0.03128,0.02883,0.02746,130.15525,130.18113716627312,130.18113716627312,130.137,,,,,,1.0,sell win_3,2022-05-10 13:20:00,130.183,130.232
2022-05-10 16:12:00,130.02,130.021,129.974,129.978,179,0,0,130.08193,130.05697,130.03698,0.03702,0.03566,0.02762,129.99825,130.05825340676358,130.05825340676358,129.974,,,,,,1.0,sell break even,2022-05-10 16:15:00,130.0335,130.09599999999998
2022-05-10 16:29:00,130.099,130.104,130.055,130.056,185,0,0,130.08345,130.06587,130.06519,0.03525,0.03564,0.02841,130.0785,130.10243000796055,130.104,130.055,,,,,,1.0,sell break even,2022-05-10 16:31:00,130.10000000000002,130.148
2022-05-11 09:01:00,130.358,130.359,130.328,130.328,116,0,0,130.35869,130.35137,130.34099,0.02022,0.0192,0.01536,130.34325,130.36226628404734,130.36226628404734,130.328,,,,,,1.0,sell win_3,2022-05-11 10:04:00,130.32500000000002,130.39299999999997
2022-05-11 13:23:00,129.85,129.855,129.846,129.849,109,0,0,129.90103,129.8297,129.8026,0.02661,0.02688,0.03082,129.85,129.87747175801806,129.87747175801806,129.846,,,,,,1.0,sell break even,2022-05-11 13:59:00,129.84300000000002,129.90699999999998
2022-05-11 14:04:00,129.833,129.833,129.817,129.823,80,0,0,129.86559,129.81308,129.80124,0.02012,0.02013,0.02908,129.8265,129.8431420314729,129.8431420314729,129.817,,,,,,1.0,sell break even,2022-05-11 14:21:00,129.81400000000002,129.862
2022-05-11 14:23:00,129.749,129.749,129.697,129.706,180,0,0,129.84818,129.79965,129.78123,0.02773,0.02431,0.02812,129.72525,129.78183700588613,129.78183700588613,129.697,,,,,,1.0,sell break even,2022-05-11 14:40:00,129.757,129.82
2022-05-11 14:48:00,129.745,129.753,129.743,129.751,77,0,0,129.81979,129.7723,129.74564,0.02915,0.0301,0.02774,129.748,129.76617830255887,129.76617830255887,129.743,,,,,,1.0,sell lose,2022-05-11 14:58:00,129.74,129.791
2022-05-12 15:31:00,128.542,128.552,128.453,128.488,232,0,0,128.68171,128.63279,128.6155,0.05143,0.04494,0.04233,128.50875,128.58585554422714,128.58585554422714,128.453,,,,,,1.0,sell win_3,2022-05-12 15:37:00,128.55700000000002,128.664
2022-05-12 17:15:00,128.124,128.125,128.097,128.107,252,0,0,128.23657,128.08361,127.9496,0.07712,0.07851,0.05753,128.11325,128.14771009442438,128.14771009442438,128.097,,,,,,1.0,sell break even,2022-05-12 17:17:00,128.175,128.25599999999997
2022-05-12 17:18:00,128.092,128.092,128.054,128.079,245,0,0,128.23287,128.08499,127.96779,0.07686,0.07817,0.05819,128.07925,128.13493251180304,128.13493251180304,128.054,,,,,,1.0,sell break even,2022-05-12 17:24:00,128.13850000000002,128.226
2022-05-12 17:29:00,128.131,128.141,128.106,128.126,207,0,0,128.22078,128.09056,128.02184,0.06344,0.06555,0.06007,128.126,128.15305087036708,128.15305087036708,128.106,,,,,,1.0,sell lose,2022-05-12 17:30:00,128.1505,128.19799999999998
2022-05-17 10:50:00,129.371,129.391,129.371,129.379,61,0,0,129.31995,129.32389,129.32555,0.02606,0.02613,0.021,129.378,129.3529186763909,129.391,129.3529186763909,1.0,buy win_3,2022-05-17 11:09:00,129.35199999999998,129.31,,,,,
2022-05-17 11:49:00,129.367,129.394,129.367,129.388,97,0,0,129.37267,129.39616,129.42208,0.02356,0.02374,0.02405,129.379,129.36244232475758,129.394,129.36244232475758,2.0,,1970-01-01 00:00:00,129.397,129.34300000000002,,,,,
2022-05-17 11:54:00,129.393,129.395,129.382,129.391,83,0,0,129.37273,129.39433,129.41342,0.02306,0.0235,0.02425,129.39025,129.36949819764868,129.395,129.36949819764868,2.0,,1970-01-01 00:00:00,129.398,129.34300000000002,,,,,
2022-05-17 11:55:00,129.39,129.395,129.382,129.39,102,0,0,129.3729,129.39426,129.4125,0.02234,0.02321,0.02428,129.38925,129.37987409882436,129.395,129.37987409882436,2.0,,1970-01-01 00:00:00,129.398,129.34300000000002,,,,,
2022-05-17 15:31:00,129.464,129.571,129.461,129.551,325,0,0,129.32392,129.32412,129.33964,0.03757,0.02815,0.02177,129.51175,129.3672309532127,129.571,129.3672309532127,1.0,buy break even,2022-05-17 15:46:00,129.4375,129.30100000000002,,,,,
2022-05-18 15:34:00,129.095,129.096,129.08,129.091,103,0,0,129.13671,129.1197,129.09312,0.0239,0.02446,0.01927,129.0905,129.10856538965731,129.10856538965731,129.08,,,,,,1.0,sell win_3,2022-05-18 15:41:00,129.07700000000003,129.134
2022-05-19 16:43:00,127.358,127.358,127.281,127.314,266,0,0,127.52396,127.39715,127.27835,0.07154,0.07138,0.04415,127.32775,127.3847038218454,127.3847038218454,127.281,,,,,,1.0,sell win_3,2022-05-19 16:51:00,127.35400000000001,127.43
2022-05-19 17:09:00,127.301,127.302,127.263,127.294,238,0,0,127.46219,127.3465,127.26788,0.06194,0.06527,0.04781,127.29,127.31765353970906,127.31765353970906,127.263,,,,,,1.0,sell lose,2022-05-19 17:11:00,127.313,127.366
2022-05-19 17:14:00,127.323,127.338,127.301,127.305,257,0,0,127.45586,127.34534,127.27947,0.05894,0.061,0.04851,127.31675,127.33256729811592,127.338,127.301,,,,,,1.0,sell break even,2022-05-19 17:17:00,127.3375,127.377
2022-05-19 17:23:00,127.285,127.311,127.27,127.272,235,0,0,127.44256,127.33906,127.28604,0.0549,0.05605,0.04956,127.2845,127.31654944784788,127.31654944784788,127.27,,,,,,1.0,sell win_3,2022-05-19 17:26:00,127.3155,127.364
2022-05-19 17:26:00,127.228,127.229,127.165,127.211,194,0,0,127.43611,127.33331,127.27903,0.05378,0.0545,0.04988,127.20825,127.25538118098098,127.25538118098098,127.165,,,,,,1.0,sell lose,2022-05-19 17:33:00,127.2535,127.345
2022-05-20 15:07:00,128.036,128.047,128.012,128.016,98,0,0,128.01977,128.01958,128.01371,0.02787,0.02779,0.02584,128.02775,128.0491996310882,128.0491996310882,128.012,,,,,,1.0,sell win_3,2022-05-20 15:10:00,128.04649999999998,128.08399999999997
2022-05-20 15:10:00,127.99,127.992,127.924,127.933,171,0,0,128.01853,128.01748,128.00955,0.03102,0.02846,0.02594,127.95975,128.01330620388603,128.01330620388603,127.924,,,,,,1.0,sell win_3,2022-05-20 15:29:00,127.98849999999999,128.05599999999998
2022-05-23 11:43:00,127.561,127.573,127.557,127.572,65,0,0,127.59965,127.596,127.5607,0.03066,0.03127,0.03313,127.56575,127.58103222762809,127.58103222762809,127.557,,,,,,1.0,sell lose,2022-05-23 11:50:00,127.554,127.614
2022-05-23 11:56:00,127.617,127.62,127.588,127.589,160,0,0,127.60054,127.59828,127.58029,0.02649,0.02646,0.03373,127.6035,127.6335950661899,127.6335950661899,127.588,,,,,,1.0,sell win_3,2022-05-23 12:04:00,127.626,127.667
2022-05-24 09:06:00,127.584,127.584,127.513,127.519,184,0,0,127.66971,127.63546,127.60871,0.03283,0.02936,0.02081,127.55,127.60590832453556,127.60590832453556,127.513,,,,,,1.0,sell lose,2022-05-24 09:16:00,127.576,127.642
2022-05-24 09:27:00,127.65,127.667,127.646,127.652,94,0,0,127.66254,127.63478,127.62504,0.02579,0.02602,0.02133,127.65375,127.67054686518112,127.67054686518112,127.646,,,,,,2.0,,1970-01-01 00:00:00,127.643,127.694
2022-05-24 10:01:00,127.595,127.597,127.553,127.567,263,0,0,127.65348,127.63186,127.62092,0.03455,0.03301,0.02261,127.578,127.61308542369125,127.61308542369125,127.553,,,,,,1.0,sell break even,2022-05-24 10:03:00,127.6005,127.651
2022-05-24 10:07:00,127.481,127.483,127.432,127.437,206,0,0,127.64659,127.62238,127.60207,0.04396,0.04033,0.02332,127.45825,127.55044664724518,127.55044664724518,127.432,,,,,,1.0,sell win_3,2022-05-24 10:56:00,127.53,127.631
2022-05-24 11:29:00,127.443,127.443,127.43,127.438,71,0,0,127.50112,127.44396,127.39614,0.02902,0.03037,0.03089,127.4385,127.45102381375004,127.45102381375004,127.43,,,,,,1.0,sell break even,2022-05-24 11:48:00,127.427,127.479
2022-05-24 12:04:00,127.414,127.421,127.411,127.414,78,0,0,127.47221,127.42541,127.40045,0.02824,0.02971,0.03206,127.415,127.42587764748724,127.42587764748724,127.411,,,,,,1.0,sell break even,2022-05-24 12:09:00,127.408,127.45
2022-05-24 12:54:00,127.343,127.344,127.311,127.322,80,0,0,127.40222,127.34859,127.30259,0.03676,0.0376,0.03313,127.33,127.35001451581348,127.35001451581348,127.311,,,,,,1.0,sell lose,2022-05-24 12:57:00,127.351,127.394
2022-05-24 15:49:00,127.416,127.416,127.37,127.372,118,0,0,127.40154,127.39185,127.38708,0.03007,0.02887,0.02683,127.3935,127.43936053484992,127.43936053484992,127.37,,,,,,1.0,sell win_3,2022-05-24 15:53:00,127.428,127.489
2022-05-24 15:53:00,127.294,127.297,127.274,127.278,89,0,0,127.39829,127.38698,127.37677,0.03133,0.03074,0.0268,127.28575,127.34346003342812,127.34346003342812,127.274,,,,,,1.0,sell win_3,2022-05-24 16:01:00,127.345,127.419
2022-05-24 18:14:00,126.621,126.622,126.586,126.601,156,0,0,126.82936,126.67225,126.55572,0.04171,0.04191,0.04832,126.6075,126.63625017634024,126.63625017634024,126.586,,,,,,1.0,sell break even,2022-05-24 18:16:00,126.642,126.701
2022-05-25 15:21:00,127.011,127.016,126.997,127.005,122,0,0,127.03666,127.0198,126.99036,0.02779,0.02812,0.02259,127.00725,127.02978189914543,127.02978189914543,126.997,,,,,,1.0,sell win_3,2022-05-25 15:32:00,126.994,127.057
2022-05-25 15:32:00,126.852,126.863,126.795,126.798,217,0,0,127.02648,127.00574,126.97028,0.03622,0.03193,0.02287,126.827,126.90784400971636,126.90784400971636,126.795,,,,,,1.0,sell lose,2022-05-25 15:45:00,126.90350000000001,127.015
2022-05-27 16:52:00,126.926,126.926,126.901,126.912,120,0,0,126.97245,126.96525,126.96443,0.0264,0.02645,0.02475,126.91625,126.9451183048662,126.9451183048662,126.901,,,,,,1.0,sell win_3,2022-05-27 16:54:00,126.9395,126.981
2022-05-27 17:06:00,126.911,126.911,126.892,126.898,101,0,0,126.96198,126.94987,126.93464,0.0269,0.02823,0.02571,126.903,126.91795900685456,126.91795900685456,126.892,,,,,,1.0,sell break even,2022-05-27 17:28:00,126.889,126.953
2022-05-31 17:55:00,128.604,128.677,128.602,128.672,348,0,0,128.53595,128.64182,128.6849,0.04679,0.04538,0.0376,128.63875,128.5868125972205,128.677,128.5868125972205,1.0,buy break even,2022-05-31 18:00:00,128.605,128.53,,,,,
2022-06-01 09:39:00,129.238,129.272,129.237,129.269,74,0,0,129.17773,129.21201,129.2279,0.02253,0.02199,0.01933,129.254,129.22369509553528,129.272,129.22369509553528,1.0,buy win_3,2022-06-01 10:05:00,129.27499999999998,129.20800000000003,,,,,
2022-06-03 11:20:00,129.946,129.964,129.945,129.954,88,0,0,129.88814,129.89727,129.89782,0.01704,0.01675,0.01713,129.95225,129.9254550635157,129.964,129.9254550635157,1.0,buy win_3,2022-06-03 12:16:00,129.927,129.887,,,,,
2022-06-03 15:31:00,130.234,130.339,130.234,130.282,394,0,0,130.10174,130.13029,130.14255,0.04391,0.02975,0.01655,130.27225,130.1535271519624,130.339,130.1535271519624,1.0,buy win_3,2022-06-03 15:39:00,130.2125,130.08300000000003,,,,,
2022-06-03 17:26:00,130.467,130.469,130.46,130.466,75,0,0,130.37236,130.4462,130.49052,0.02599,0.02783,0.03054,130.4655,130.45944029922617,130.469,130.45944029922617,1.0,buy lose,2022-06-03 17:32:00,130.47199999999998,130.436,,,,,
2022-06-03 17:40:00,130.493,130.506,130.491,130.501,117,0,0,130.38385,130.44922,130.47768,0.02367,0.02337,0.03112,130.49775,130.4596133691589,130.506,130.4596133691589,1.0,buy win_3,2022-06-03 17:51:00,130.509,130.44000000000003,,,,,
2022-06-06 08:46:00,130.651,130.652,130.644,130.651,71,0,0,130.6442,130.65202,130.67462,0.01428,0.01469,0.01566,130.6495,130.6396611473618,130.652,130.6396611473618,2.0,,1970-01-01 00:00:00,130.65499999999997,130.627,,,,,
2022-06-06 11:28:00,130.693,130.707,130.69,130.707,83,0,0,130.66347,130.68396,130.72169,0.02286,0.02345,0.01987,130.69925,130.68498415652647,130.707,130.68498415652647,1.0,buy break even,2022-06-06 12:04:00,130.70999999999998,130.663,,,,,
2022-06-07 08:54:00,132.825,132.847,132.82,132.845,96,0,0,132.71982,132.79268,132.84526,0.02351,0.02364,0.02492,132.83425,132.81322926740364,132.847,132.81322926740364,1.0,buy win_3,2022-06-07 09:17:00,132.85,132.78900000000002,,,,,
2022-06-08 09:33:00,133.144,133.159,133.143,133.147,108,0,0,133.11041,133.13594,133.13943,0.03141,0.03248,0.02235,133.14825,133.13203627846076,133.159,133.13203627846076,1.0,buy win_3,2022-06-08 09:51:00,133.16199999999998,133.102,,,,,
2022-06-08 14:11:00,133.873,133.923,133.872,133.905,220,0,0,133.7583,133.85389,133.92798,0.0422,0.04074,0.03272,133.89325,133.8518255418696,133.923,133.8518255418696,1.0,buy win_3,2022-06-08 14:36:00,133.8675,133.80900000000003,,,,,
2022-06-08 15:07:00,133.967,133.981,133.962,133.965,140,0,0,133.85216,133.93153,133.97876,0.03167,0.03273,0.03175,133.96875,133.9503344424085,133.981,133.9503344424085,1.0,buy win_3,2022-06-08 15:24:00,133.98399999999998,133.918,,,,,
2022-06-09 15:41:00,133.671,133.707,133.667,133.703,282,0,0,133.60439,133.64476,133.74403,0.04744,0.04926,0.03725,133.687,133.66054446310056,133.707,133.66054446310056,1.0,buy win_3,2022-06-09 15:44:00,133.6655,133.621,,,,,
2022-06-09 17:04:00,133.738,133.744,133.714,133.737,163,0,0,133.71016,133.75063,133.76021,0.04924,0.05165,0.04647,133.73325,133.72122981761322,133.744,133.714,1.0,buy win_3,2022-06-09 17:09:00,133.74699999999999,133.68,,,,,
2022-06-09 17:09:00,133.86,133.923,133.845,133.865,245,0,0,133.71555,133.7564,133.77144,0.05107,0.04986,0.04673,133.87325,133.80771811930043,133.923,133.80771811930043,1.0,buy win_3,2022-06-09 17:36:00,133.8275,133.729,,,,,
2022-06-10 15:31:00,134.312,134.392,134.239,134.259,371,0,0,133.86385,133.88628,133.92916,0.08125,0.05123,0.02639,134.3005,133.99045669275466,134.392,133.99045669275466,1.0,buy lose,2022-06-10 15:35:00,134.08100000000002,133.76700000000002,,,,,
2022-06-10 15:48:00,133.802,133.899,133.787,133.898,322,0,0,133.86153,133.87573,133.88057,0.113,0.11691,0.03384,133.8465,133.74282301678994,133.899,133.74282301678994,1.0,buy break even,2022-06-10 15:54:00,133.7705,133.639,,,,,
2022-06-10 16:00:00,133.962,133.975,133.908,133.93,346,0,0,133.86691,133.88187,133.89109,0.09345,0.09604,0.03846,133.94375,133.89491731518964,133.975,133.89491731518964,1.0,buy lose,2022-06-10 16:02:00,133.892,133.806,,,,,
2022-06-10 16:05:00,133.887,133.899,133.822,133.899,261,0,0,133.86608,133.87928,133.88388,0.09078,0.09253,0.04014,133.87675,133.84911460359967,133.899,133.822,1.0,buy break even,2022-06-10 16:07:00,133.82850000000002,133.75500000000002,,,,,
2022-06-10 16:08:00,133.868,133.941,133.866,133.94,277,0,0,133.86676,133.87979,133.88458,0.08583,0.08901,0.04104,133.90375,133.86485807544994,133.941,133.86485807544994,1.0,buy break even,2022-06-10 16:09:00,133.88150000000002,133.81900000000002,,,,,
2022-06-10 16:15:00,133.953,133.984,133.948,133.984,192,0,0,133.87102,133.88545,133.89596,0.07043,0.07564,0.0428,133.96725,133.93081334433947,133.984,133.93081334433947,1.0,buy win_3,2022-06-10 16:16:00,133.9345,133.882,,,,,
2022-06-10 16:16:00,133.984,134.165,133.984,134.155,303,0,0,133.87384,133.89002,133.90612,0.07833,0.07531,0.04306,134.072,133.94903167216972,134.165,133.94903167216972,1.0,buy break even,2022-06-10 17:14:00,134.02499999999998,133.882,,,,,
2022-06-10 17:19:00,134.046,134.071,134.027,134.054,195,0,0,134.00641,134.06523,134.12659,0.05847,0.0593,0.052,134.0495,134.00668746778553,134.071,134.00668746778553,1.0,buy win_3,2022-06-10 17:40:00,133.9835,133.893,,,,,
2022-06-10 17:53:00,134.181,134.211,134.178,134.205,246,0,0,134.04463,134.0996,134.14796,0.03978,0.03784,0.05582,134.19375,134.14719770130176,134.211,134.14719770130176,1.0,buy break even,2022-06-10 18:03:00,134.155,134.096,,,,,
2022-06-15 15:48:00,134.585,134.598,134.57,134.597,193,0,0,134.55726,134.56692,134.6105,0.05013,0.05082,0.03706,134.5875,134.54247129796212,134.598,134.54247129796212,1.0,buy break even,2022-06-15 15:49:00,134.546,134.491,,,,,
2022-06-15 15:51:00,134.59,134.597,134.571,134.595,192,0,0,134.55772,134.56723,134.60631,0.05162,0.05193,0.03732,134.58825,134.5625589122453,134.597,134.5625589122453,1.0,buy win_3,2022-06-15 15:55:00,134.554,134.508,,,,,
2022-06-15 15:55:00,134.651,134.708,134.65,134.702,285,0,0,134.56129,134.57264,134.61276,0.05002,0.05047,0.03767,134.67775,134.62276930701535,134.708,134.62276930701535,1.0,buy break even,2022-06-15 16:12:00,134.6395,134.568,,,,,
2022-06-16 13:17:00,133.12,133.143,133.116,133.129,147,0,0,133.46712,133.21503,133.02537,0.0856,0.08953,0.07335,133.127,133.164478215662,133.164478215662,133.116,,,,,,1.0,sell break even,2022-06-16 13:20:00,133.18,133.24699999999999
2022-06-16 14:06:00,133.031,133.107,133.031,133.101,227,0,0,133.3493,133.18598,133.14416,0.07468,0.07193,0.07996,133.0675,133.14035732586515,133.14035732586515,133.031,,,,,,1.0,sell win_3,2022-06-16 14:15:00,133.126,133.224
2022-06-16 18:11:00,132.528,132.57,132.528,132.555,188,0,0,132.76628,132.70338,132.66775,0.04941,0.04739,0.05918,132.54525,132.60080803172167,132.60080803172167,132.528,,,,,,1.0,sell win_3,2022-06-16 18:14:00,132.61599999999999,132.707
2022-06-17 10:42:00,134.091,134.109,134.041,134.101,232,0,0,134.09632,134.20143,134.26588,0.089,0.09216,0.06274,134.0855,134.0610620278681,134.109,134.041,1.0,buy win_3,2022-06-17 10:52:00,134.02,133.92800000000003,,,,,
2022-06-17 10:52:00,134.232,134.282,134.23,134.28,255,0,0,134.10495,134.19926,134.24086,0.07592,0.07704,0.06337,134.256,134.1873936152616,134.282,134.1873936152616,1.0,buy win_3,2022-06-17 11:01:00,134.20499999999998,134.125,,,,,
