,open,high,low,close,tick_volume,real_volume,spread,ema_200,ema_117,ema_50,adx,di_p,di_n,atr,atr_sma_5,atr_sma_200,heikin_close,heikin_open,heikin_high,heikin_low,adx_heikin_ema_buy,adx_heikin_ema_buy_results,adx_heikin_ema_buy_end,adx_heikin_ema_buy_enter,adx_heikin_ema_buy_stop,adx_heikin_ema_sell,adx_heikin_ema_sell_results,adx_heikin_ema_sell_end,adx_heikin_ema_sell_enter,adx_heikin_ema_sell_stop
2022-03-15 11:32:00,1.09949,1.09973,1.09945,1.09972,59,0,0,1.09938,1.09971,1.09976,18.08886816929178,18.23616411118302,23.811862335416905,0.00025,0.00025,0.00035,1.0996,1.0994251598661484,1.09973,1.0994251598661484,1.0,buy break even,2022-03-15 12:01:00,1.09976,1.0990900000000001,,,,,
2022-03-16 16:14:00,1.10093,1.10251,1.10093,1.10248,310,0,0,1.09972,1.09974,1.0998,21.802195179051186,52.468087512378204,11.06883965917447,0.00048,0.00037,0.00027,1.10171,1.1001525837867752,1.10251,1.1001525837867752,1.0,buy break even,2022-03-16 16:38:00,1.10088,1.09922,,,,,
2022-03-16 16:48:00,1.10013,1.10061,1.09988,1.1006,242,0,0,1.1003,1.10059,1.101,32.08455860548656,21.31789453190121,30.96304587265069,0.00064,0.00064,0.00032,1.10031,1.0996631870847569,1.10061,1.0996631870847569,1.0,buy win_3,2022-03-16 17:02:00,1.09965,1.09866,,,,,
2022-03-18 14:41:00,1.10343,1.10343,1.10327,1.10334,50,0,0,1.10415,1.10346,1.10304,23.36562464334705,28.980637271235448,20.171901702254317,0.00019,0.00019,0.00021,1.10337,1.1034758851394963,1.1034758851394963,1.10327,,,,,,1.0,sell break even,2022-03-18 14:50:00,1.10324,1.10367
2022-03-18 14:51:00,1.10253,1.10279,1.10225,1.10259,293,0,0,1.10407,1.10343,1.10311,25.531708726959124,10.929008019840468,37.189220057260826,0.00028,0.00022,0.00021,1.10254,1.1031725643409565,1.1031725643409565,1.10225,,,,,,1.0,sell win_3,2022-03-18 15:08:00,1.102925,1.1036299999999999
2022-03-22 14:00:00,1.09994,1.10044,1.09994,1.1004,152,0,0,1.09978,1.09991,1.09993,14.534892112412091,28.979214400264937,18.125920934803077,0.00028,0.00026,0.00024,1.10018,1.0997958891197648,1.10044,1.0997958891197648,1.0,buy win_3,2022-03-22 14:15:00,1.1000100000000002,1.09955,,,,,
2022-03-22 15:03:00,1.10218,1.10241,1.10216,1.10241,128,0,0,1.10096,1.10152,1.10224,27.86035157130477,22.65403672834445,27.3142053959918,0.00029,0.00029,0.00025,1.10229,1.102075927399028,1.10241,1.102075927399028,1.0,buy break even,2022-03-22 15:09:00,1.1019649999999999,1.10149,,,,,
2022-03-23 13:05:00,1.10036,1.10036,1.10025,1.10027,47,0,0,1.10094,1.10052,1.10024,16.22927798667348,29.61932550464032,22.179334531688287,0.00017,0.00017,0.00021,1.10031,1.100434843992332,1.100434843992332,1.10025,,,,,,1.0,sell win_3,2022-03-23 13:23:00,1.10022,1.1006799999999999
2022-03-23 14:14:00,1.09916,1.09916,1.09893,1.099,100,0,0,1.09986,1.0993,1.09885,29.47419074364864,24.81483363630131,20.651150653530856,0.00021,0.00021,0.00021,1.09906,1.0992264027364085,1.0992264027364085,1.09893,,,,,,1.0,sell break even,2022-03-23 14:38:00,1.0989,1.09944
2022-03-23 14:48:00,1.0992,1.09921,1.09877,1.09886,87,0,0,1.09954,1.09906,1.09883,21.70167997232261,22.071830513128017,22.798067350790305,0.00023,0.00022,0.00022,1.09901,1.099277493257254,1.099277493257254,1.09877,,,,,,1.0,sell lose,2022-03-23 14:51:00,1.09874,1.09944
2022-03-23 14:55:00,1.09892,1.09893,1.09853,1.09859,107,0,0,1.09951,1.09906,1.09888,18.734005898195807,21.807383255188924,34.131967732209375,0.00027,0.00026,0.00022,1.09874,1.0990369335410723,1.0990369335410723,1.09853,,,,,,1.0,sell break even,2022-03-23 15:01:00,1.098995,1.09949
2022-03-23 15:08:00,1.09873,1.09878,1.09853,1.0986,59,0,0,1.09942,1.099,1.09883,14.581414222876855,19.073297217573582,29.86464424760068,0.00026,0.00026,0.00022,1.09866,1.0988444747233326,1.0988444747233326,1.09853,,,,,,1.0,sell win_3,2022-03-23 15:35:00,1.0985,1.09913
2022-03-23 16:17:00,1.09845,1.09849,1.09827,1.0983,98,0,0,1.09848,1.09798,1.09767,40.26924850120692,34.42070612613971,14.911466094347418,0.00028,0.00028,0.00024,1.09838,1.098587586860257,1.098587586860257,1.09827,,,,,,1.0,sell break even,2022-03-23 16:36:00,1.09824,1.0988499999999999
2022-03-28 10:56:00,1.095,1.09504,1.09481,1.09489,175,0,0,1.09548,1.09546,1.09544,16.157534121128986,17.366047266645896,28.885607380465817,0.00026,0.00025,0.00017,1.09494,1.0953235393037364,1.0953235393037364,1.09481,,,,,,1.0,sell break even,2022-03-28 11:10:00,1.095195,1.09561
2022-03-30 10:00:00,1.11121,1.11255,1.11121,1.11231,230,0,0,1.11118,1.11126,1.11127,36.13768307566719,38.16379743005386,18.45386122022741,0.00034,0.00027,0.00015,1.11182,1.110956243298707,1.11255,1.110956243298707,1.0,buy break even,2022-03-30 10:31:00,1.111555,1.11053,,,,,
2022-03-30 10:33:00,1.11208,1.1122,1.11202,1.11219,201,0,0,1.1115,1.11171,1.11199,20.703090809493933,18.213696191345207,20.798103386401948,0.00034,0.00035,0.00019,1.11212,1.1118860968497182,1.1122,1.1118860968497182,1.0,buy win_3,2022-03-30 10:37:00,1.111875,1.11152,,,,,
2022-03-30 11:08:00,1.1123,1.11258,1.11229,1.11244,117,0,0,1.11182,1.11209,1.11239,16.64818877800759,23.79082747089852,25.916330068227825,0.00035,0.00035,0.00022,1.1124,1.1121778376700178,1.11258,1.1121778376700178,1.0,buy break even,2022-03-30 11:25:00,1.112145,1.11168,,,,,
2022-03-30 11:28:00,1.11261,1.11276,1.11258,1.11269,86,0,0,1.11195,1.11223,1.11249,9.614070728623286,23.77223961767225,24.7674433639176,0.00032,0.00033,0.00024,1.11266,1.1124791840341928,1.11276,1.1124791840341928,1.0,buy lose,2022-03-30 11:30:00,1.11279,1.1121,,,,,
2022-03-30 11:33:00,1.1127,1.11284,1.11265,1.11274,95,0,0,1.11198,1.11224,1.11248,10.609593519241631,25.128176246384104,25.691034056703263,0.00034,0.00034,0.00025,1.11273,1.1123430995010684,1.11284,1.1123430995010684,1.0,buy win_3,2022-03-30 11:37:00,1.112415,1.11196,,,,,
2022-03-30 12:56:00,1.11466,1.11476,1.11461,1.11473,79,0,0,1.11366,1.11433,1.11491,24.33761974819826,16.02776493834876,28.232410487509213,0.0002,0.0002,0.00032,1.11469,1.1145627959700497,1.11476,1.1145627959700497,1.0,buy lose,2022-03-30 13:00:00,1.11479,1.1143,,,,,
2022-03-30 14:41:00,1.11419,1.11455,1.11418,1.11455,99,0,0,1.11339,1.11349,1.11362,29.900271464995523,28.09348422270007,21.161149009463788,0.00025,0.00023,0.0003,1.11437,1.114014781723858,1.11455,1.114014781723858,1.0,buy break even,2022-03-30 14:55:00,1.114015,1.11345,,,,,
2022-03-31 17:01:00,1.10884,1.10909,1.1088,1.10884,230,0,0,1.10989,1.10937,1.10899,14.289925410613137,15.866086938886212,23.80158553297087,0.00042,0.00042,0.0003,1.10889,1.1091377442000874,1.1091377442000874,1.1088,,,,,,1.0,sell win_3,2022-03-31 17:07:00,1.10917,1.10957
2022-03-31 17:26:00,1.10852,1.10872,1.10825,1.10827,146,0,0,1.10958,1.10906,1.10868,14.150259102569148,23.59102382842149,29.50128616040424,0.00038,0.00038,0.00031,1.10844,1.1087701363309546,1.1087701363309546,1.10825,,,,,,1.0,sell win_3,2022-03-31 17:39:00,1.10867,1.1091199999999999
2022-04-01 17:04:00,1.10451,1.1046,1.10431,1.10443,165,0,0,1.10493,1.1047,1.10448,13.013654430569217,23.284621052669756,21.92265070299536,0.00027,0.00025,0.00024,1.10446,1.104714975322452,1.104714975322452,1.10431,,,,,,1.0,sell break even,2022-04-01 17:13:00,1.104655,1.10503
2022-04-01 17:18:00,1.10454,1.10454,1.10439,1.1045,67,0,0,1.10487,1.10466,1.10449,10.945407121107378,21.27430069860734,20.90419842478193,0.00024,0.00024,0.00024,1.10449,1.1046343222030837,1.1046343222030837,1.10439,,,,,,1.0,sell win_3,2022-04-01 17:40:00,1.10436,1.10492
2022-04-04 15:13:00,1.10053,1.10062,1.10049,1.10061,52,0,0,1.10109,1.10061,1.10035,24.97165783391078,30.969760450287147,16.585143070318242,0.00022,0.00023,0.00018,1.10056,1.1006493279147462,1.1006493279147462,1.10049,,,,,,1.0,sell lose,2022-04-04 15:19:00,1.10046,1.10086
2022-04-04 15:22:00,1.10066,1.10071,1.10048,1.10049,93,0,0,1.10105,1.10061,1.10042,27.29164178750972,28.474628242413687,19.954594750190864,0.00022,0.00022,0.00018,1.10058,1.1007149791560835,1.1007149791560835,1.10048,,,,,,1.0,sell break even,2022-04-04 15:47:00,1.10045,1.10093
2022-04-04 15:47:00,1.10045,1.10046,1.09976,1.09996,138,0,0,1.10094,1.1006,1.10052,19.91644777109341,15.698957183848696,40.4973122161026,0.00021,0.00018,0.00018,1.10016,1.1006179680930073,1.1006179680930073,1.09976,,,,,,1.0,sell break even,2022-04-04 15:56:00,1.1003,1.10087
2022-04-04 17:29:00,1.09817,1.09834,1.09817,1.09827,91,0,0,1.09972,1.09924,1.09882,20.081238640273348,19.994889312481497,31.45376530243622,0.00024,0.00024,0.00021,1.09824,1.098660318846675,1.098660318846675,1.09817,,,,,,1.0,sell break even,2022-04-04 17:50:00,1.098705,1.09927
2022-04-05 08:17:00,1.09653,1.09654,1.09643,1.09648,32,0,0,1.09681,1.09669,1.09654,14.711993090622157,24.600947611514908,16.956791591811843,0.00013,0.00013,0.0001,1.0965,1.0965798792701915,1.0965798792701915,1.09643,,,,,,2.0,,1970-01-01 00:00:00,1.0964,1.09676
2022-04-05 15:06:00,1.09691,1.09691,1.0968,1.0968,57,0,0,1.09714,1.09703,1.09692,24.68123359268856,26.609052889953965,19.483351460699357,0.00021,0.00021,0.0002,1.09686,1.096932037170523,1.096932037170523,1.0968,,,,,,1.0,sell win_3,2022-04-05 15:37:00,1.09677,1.09721
2022-04-05 17:14:00,1.09561,1.09564,1.09503,1.09518,247,0,0,1.09673,1.09665,1.09662,26.290087906802118,15.589883419005396,37.86572143944012,0.00036,0.00032,0.00021,1.09537,1.0961795896980686,1.0961795896980686,1.09503,,,,,,1.0,sell win_3,2022-04-05 17:24:00,1.095895,1.09679
2022-04-06 08:39:00,1.08969,1.08972,1.08963,1.08963,14,0,0,1.08972,1.08969,1.08968,16.90711844910239,20.93555798181471,25.739210859109253,0.0001,0.0001,0.0001,1.08967,1.0897476409870404,1.0897476409870404,1.08963,,,,,,1.0,sell win_3,2022-04-06 08:58:00,1.0896000000000001,1.08982
2022-04-14 12:58:00,1.0913,1.09132,1.09125,1.09132,25,0,0,1.09112,1.09116,1.09128,26.55544279257156,14.788406486224227,29.28719230982763,0.00017,0.00018,0.00019,1.0913,1.091247164389888,1.09132,1.091247164389888,1.0,buy lose,2022-04-14 13:28:00,1.09135,1.09101,,,,,
2022-04-14 14:46:00,1.08884,1.08941,1.08828,1.0886,354,0,0,1.09089,1.09081,1.0907,36.7166243728339,12.791962543075844,51.45850817673864,0.00045,0.00029,0.00017,1.08878,1.0908315779877038,1.0908315779877038,1.08828,,,,,,1.0,sell win_3,2022-04-14 15:51:00,1.0900050000000001,1.09176
2022-04-20 17:44:00,1.0846,1.08487,1.08458,1.08486,90,0,0,1.0841,1.08432,1.08478,28.65493387078184,22.302465995465624,25.834729945796585,0.00028,0.00028,0.00026,1.08473,1.0845148276376293,1.08487,1.0845148276376293,1.0,buy win_3,2022-04-20 17:58:00,1.0849,1.08429,,,,,
2022-04-25 12:51:00,1.07384,1.0739,1.07383,1.07384,43,0,0,1.07444,1.07422,1.07421,12.655375172286126,17.647474460166816,26.673497517744167,0.00024,0.00024,0.00035,1.07385,1.0740656999708746,1.0740656999708746,1.07383,,,,,,1.0,sell win_3,2022-04-25 13:05:00,1.0738,1.0743
2022-04-26 16:04:00,1.06752,1.06756,1.0674,1.06745,74,0,0,1.06819,1.06787,1.06765,16.21658488070752,17.75252981474808,25.50735561111735,0.00028,0.00029,0.00022,1.06748,1.0675808272826317,1.0675808272826317,1.0674,,,,,,1.0,sell lose,2022-04-26 16:08:00,1.06737,1.06796
2022-04-26 16:11:00,1.06788,1.06794,1.06753,1.06753,104,0,0,1.06817,1.06786,1.06768,14.243655481461362,25.432351784722464,26.98143406826104,0.00027,0.00026,0.00022,1.06772,1.0679578189631456,1.0679578189631456,1.06753,,,,,,1.0,sell win_3,2022-04-26 16:18:00,1.067885,1.06827
2022-04-26 17:34:00,1.0673,1.06731,1.06704,1.06708,116,0,0,1.06771,1.06747,1.06731,14.888309233650416,14.038926595430931,18.60376120601449,0.00029,0.0003,0.00026,1.06718,1.0673284962567928,1.0673284962567928,1.06704,,,,,,1.0,sell win_3,2022-04-26 17:41:00,1.06701,1.06766
2022-04-27 14:01:00,1.06073,1.06079,1.06062,1.06078,57,0,0,1.06127,1.0611,1.06106,11.476500436360965,23.951442463789878,25.077298605567005,0.00027,0.00028,0.00033,1.06073,1.060884015278425,1.060884015278425,1.06062,,,,,,1.0,sell win_3,2022-04-27 14:33:00,1.06059,1.06121
2022-04-28 08:54:00,1.05203,1.05205,1.05144,1.05149,183,0,0,1.05177,1.05118,1.05076,33.82919695540311,32.72985746302743,23.964094101255608,0.0005,0.00049,0.00022,1.05175,1.052113625559917,1.052113625559917,1.05144,,,,,,1.0,sell break even,2022-04-28 09:23:00,1.052015,1.05262
2022-04-28 13:10:00,1.05242,1.05245,1.05203,1.05213,107,0,0,1.05284,1.05278,1.05251,19.405405004462644,24.245781674197715,31.13825886342677,0.00033,0.00032,0.00037,1.05226,1.0526775321169832,1.0526775321169832,1.05203,,,,,,1.0,sell win_3,2022-04-28 13:22:00,1.052515,1.05303
2022-04-28 15:46:00,1.0502,1.05027,1.04966,1.0501,261,0,0,1.0506,1.05013,1.05001,25.09855452759297,24.3445004785611,30.98976350034469,0.00063,0.00064,0.00035,1.05006,1.0508116745988634,1.0508116745988634,1.04966,,,,,,1.0,sell win_3,2022-04-28 15:58:00,1.050395,1.0511599999999999
2022-04-29 16:10:00,1.05309,1.05309,1.05264,1.05273,180,0,0,1.05459,1.05393,1.05312,17.652259551425647,24.348037150705025,26.91233459824452,0.00048,0.00048,0.00032,1.05289,1.0534751249124668,1.0534751249124668,1.05264,,,,,,1.0,sell break even,2022-04-29 16:12:00,1.053385,1.05416
2022-04-29 16:25:00,1.05349,1.05351,1.05325,1.05342,117,0,0,1.05441,1.05378,1.05321,12.538336316015457,25.41679862431035,23.76006812824089,0.00042,0.00045,0.00034,1.05342,1.05364768387222,1.05364768387222,1.05325,,,,,,1.0,sell win_3,2022-04-29 16:29:00,1.05358,1.0539399999999999
2022-04-29 16:41:00,1.05298,1.05322,1.05292,1.05292,93,0,0,1.05421,1.05361,1.05314,9.454923042175349,19.61685684651636,20.582375959198345,0.00043,0.00044,0.00035,1.05301,1.0531850776318952,1.05322,1.05292,,,,,,1.0,sell win_3,2022-04-29 16:52:00,1.053305,1.05372
2022-05-05 16:29:00,1.05607,1.05613,1.05594,1.05602,118,0,0,1.05688,1.0562,1.05577,32.67919599829077,27.103449684981637,13.557600229345924,0.00033,0.00034,0.00034,1.05604,1.0562981752465053,1.0562981752465053,1.05594,,,,,,1.0,sell win_3,2022-05-05 16:32:00,1.05627,1.05663
2022-05-05 16:32:00,1.05562,1.05563,1.05515,1.05525,163,0,0,1.05684,1.05617,1.05575,29.45703047953447,21.175643528776902,26.844943254196004,0.00033,0.00033,0.00034,1.05541,1.0559222719058132,1.0559222719058132,1.05515,,,,,,1.0,sell break even,2022-05-05 16:41:00,1.0558,1.0564799999999999
2022-05-05 16:45:00,1.05544,1.05558,1.05515,1.05516,164,0,0,1.05667,1.05602,1.05563,18.12817485140569,23.66818364006741,29.289903823358948,0.00036,0.00036,0.00035,1.05533,1.0557474526699104,1.0557474526699104,1.05515,,,,,,1.0,sell win_3,2022-05-05 16:50:00,1.05564,1.05616
2022-05-05 17:01:00,1.05474,1.05515,1.05449,1.05504,220,0,0,1.05643,1.05579,1.05538,15.387512638178748,17.17817435209342,27.711258454215336,0.00049,0.00045,0.00036,1.05485,1.0553677257912089,1.0553677257912089,1.05449,,,,,,1.0,sell break even,2022-05-05 17:10:00,1.055155,1.05585
2022-05-05 17:34:00,1.05488,1.05512,1.05464,1.05469,221,0,0,1.05598,1.05538,1.05499,10.303594678457472,14.803701248998438,20.2551527990852,0.00045,0.00044,0.00039,1.05483,1.055113839807713,1.05512,1.05464,,,,,,1.0,sell break even,2022-05-05 17:35:00,1.0550549999999999,1.0554999999999999
2022-05-09 11:59:00,1.05073,1.0508,1.0506,1.05077,81,0,0,1.05113,1.05111,1.051,13.225857751804371,19.75074322298985,26.602877031085526,0.00027,0.00027,0.0003,1.05072,1.0509216728974495,1.0509216728974495,1.0506,,,,,,1.0,sell lose,2022-05-09 12:04:00,1.05057,1.05118
2022-05-11 12:43:00,1.05592,1.05619,1.05591,1.05612,51,0,0,1.05571,1.05608,1.05628,21.38462188663464,26.007542233927804,21.967556646021432,0.00023,0.00023,0.00029,1.05604,1.0558747049706911,1.05619,1.0558747049706911,1.0,buy break even,2022-05-11 13:08:00,1.05622,1.05573,,,,,
2022-05-11 15:15:00,1.05531,1.05535,1.05486,1.05488,106,0,0,1.05535,1.05525,1.05513,19.572242944722927,18.95026308812756,25.93549202627695,0.00023,0.00022,0.00024,1.0551,1.0554360730009602,1.0554360730009602,1.05486,,,,,,1.0,sell break even,2022-05-11 15:19:00,1.055245,1.05566
2022-05-11 15:26:00,1.05469,1.0548,1.05458,1.05478,124,0,0,1.0553,1.05519,1.05505,17.028824584734327,21.700050780856785,26.187102312525194,0.00029,0.00029,0.00024,1.05471,1.05500626761377,1.05500626761377,1.05458,,,,,,1.0,sell break even,2022-05-11 15:29:00,1.05495,1.05535
2022-05-11 15:30:00,1.0532,1.0533,1.05103,1.05183,477,0,0,1.05524,1.05509,1.05484,21.17467690251033,10.70840331139685,58.92450944044754,0.00053,0.00036,0.00024,1.05234,1.0544547667258606,1.0544547667258606,1.05103,,,,,,1.0,sell break even,2022-05-11 15:34:00,1.05307,1.05514
2022-05-12 10:00:00,1.05029,1.05048,1.05003,1.05019,204,0,0,1.05115,1.0509,1.05076,26.11968007163313,16.977365443414545,31.210088135495965,0.0003,0.00029,0.00019,1.05025,1.0505363523741855,1.0505363523741855,1.05003,,,,,,1.0,sell win_3,2022-05-12 10:05:00,1.05058,1.0511599999999999
2022-05-12 14:09:00,1.04414,1.04414,1.0439,1.0439,64,0,0,1.04455,1.04383,1.04369,20.40794482490595,22.423346088164468,15.39713913104864,0.00026,0.00026,0.00035,1.04402,1.0441628017876683,1.0441628017876683,1.0439,,,,,,1.0,sell win_3,2022-05-12 14:25:00,1.04387,1.04439
2022-05-12 16:07:00,1.04187,1.04196,1.04177,1.04188,117,0,0,1.04256,1.04203,1.04198,18.03313425711443,19.76360383237616,23.442822332828243,0.0004,0.00041,0.00034,1.04187,1.0420632544455009,1.0420632544455009,1.04177,,,,,,1.0,sell break even,2022-05-12 16:11:00,1.042105,1.04247
2022-05-12 16:16:00,1.04203,1.04203,1.04149,1.04155,157,0,0,1.04251,1.04202,1.04199,12.48920033853212,21.82952368045672,26.749445779875806,0.0004,0.00039,0.00034,1.04177,1.042149244637589,1.042149244637589,1.04149,,,,,,1.0,sell win_3,2022-05-12 16:34:00,1.042055,1.04265
2022-05-12 17:20:00,1.04119,1.04119,1.04051,1.04051,182,0,0,1.04161,1.04105,1.04058,27.031826064249667,27.84537131005445,26.4710259218514,0.00045,0.00045,0.00039,1.04085,1.0413435487286502,1.0413435487286502,1.04051,,,,,,1.0,sell lose,2022-05-12 17:24:00,1.04102,1.04156
2022-05-12 17:27:00,1.04078,1.04086,1.04056,1.0406,168,0,0,1.04157,1.04105,1.0407,19.73040209644938,20.981847438642163,25.353815931191992,0.00046,0.00047,0.0004,1.0407,1.0411643245994426,1.0411643245994426,1.04056,,,,,,1.0,sell win_3,2022-05-12 17:40:00,1.0410650000000001,1.0416
2022-05-17 12:29:00,1.0478,1.04785,1.04769,1.04776,65,0,0,1.04695,1.04756,1.04805,21.363351891572396,15.5034378402092,25.869934291797144,0.00024,0.00025,0.00026,1.04778,1.0476612512530694,1.04785,1.0476612512530694,1.0,buy lose,2022-05-17 12:46:00,1.04788,1.04744,,,,,
2022-05-17 13:00:00,1.04767,1.0477,1.04765,1.04767,36,0,0,1.04714,1.04759,1.04773,20.822486809020567,22.10106709997711,25.895923235318723,0.00022,0.00023,0.00026,1.04767,1.0475768701469437,1.0477,1.0475768701469437,1.0,buy break even,2022-05-17 13:14:00,1.04773,1.04733,,,,,
2022-05-17 13:17:00,1.04873,1.04959,1.04858,1.04928,223,0,0,1.04727,1.04769,1.04787,18.88561343489177,52.51685937283423,14.030582748083877,0.00032,0.00023,0.00026,1.04904,1.0479762233495342,1.04959,1.0479762233495342,1.0,buy win_3,2022-05-17 13:19:00,1.048585,1.04755,,,,,
2022-05-17 13:19:00,1.05079,1.0513,1.05065,1.05101,307,0,0,1.04734,1.0478,1.04811,26.285334385310097,61.7303154810721,9.104629659332918,0.00042,0.00032,0.00026,1.05094,1.0492740558373836,1.0513,1.0492740558373836,1.0,buy win_3,2022-05-17 14:37:00,1.04944,1.04755,,,,,
2022-05-17 15:37:00,1.05367,1.05399,1.05364,1.05367,161,0,0,1.0518,1.05294,1.05366,18.370806535562167,19.128731223005055,21.664871844129667,0.00039,0.00038,0.00031,1.05374,1.0534546889635066,1.05399,1.0534546889635066,1.0,buy win_3,2022-05-17 15:47:00,1.05345,1.05288,,,,,
2022-05-17 16:09:00,1.0533,1.05367,1.05326,1.05365,88,0,0,1.05242,1.0534,1.05388,27.594762843174188,17.946362781386906,26.843209438598137,0.0003,0.00029,0.00032,1.05347,1.053247467486368,1.05367,1.053247467486368,1.0,buy break even,2022-05-17 16:14:00,1.0533450000000002,1.05299,,,,,
2022-05-17 16:25:00,1.05309,1.05332,1.05309,1.05327,60,0,0,1.05253,1.05335,1.05355,29.344866692364413,18.515739307088104,24.259558629419026,0.00028,0.00028,0.00032,1.05319,1.0529740603251263,1.05332,1.0529740603251263,1.0,buy lose,2022-05-17 16:48:00,1.05335,1.0527,,,,,
2022-05-19 15:00:00,1.05194,1.05203,1.05185,1.05189,106,0,0,1.05103,1.05162,1.05207,22.892900222096017,15.730616340465788,27.134946757485395,0.00035,0.00036,0.0003,1.05193,1.0517961823353728,1.05203,1.0517961823353728,1.0,buy break even,2022-05-19 15:15:00,1.05206,1.05146,,,,,
2022-05-19 15:26:00,1.05215,1.05223,1.05199,1.05218,47,0,0,1.0513,1.05183,1.05215,17.25039241508141,20.97376661029765,23.50853660575903,0.00027,0.00027,0.0003,1.05214,1.051955519610437,1.05223,1.051955519610437,1.0,buy win_3,2022-05-19 15:36:00,1.05226,1.0517400000000001,,,,,
2022-05-19 17:42:00,1.05607,1.05628,1.05595,1.05597,174,0,0,1.05459,1.05554,1.05628,18.20577248037504,19.457931808339055,20.867315257876008,0.00048,0.00047,0.00038,1.05607,1.0558004638209764,1.05628,1.0558004638209764,1.0,buy win_3,2022-05-19 17:54:00,1.0557750000000001,1.05524,,,,,
2022-05-23 09:17:00,1.0599,1.06033,1.05987,1.06031,87,0,0,1.05931,1.05953,1.05978,19.85385563437821,29.733153117088246,14.286888999892929,0.0003,0.00029,0.00013,1.0601,1.059773597224523,1.06033,1.059773597224523,1.0,buy break even,2022-05-23 09:28:00,1.0598999999999998,1.05944,,,,,
2022-05-23 10:19:00,1.05983,1.05998,1.05975,1.05982,101,0,0,1.0598,1.06007,1.06027,16.99269516591563,20.45812778369342,26.58228843951337,0.00027,0.00027,0.00017,1.05985,1.0597050557897112,1.05998,1.0597050557897112,1.0,buy break even,2022-05-23 10:36:00,1.06001,1.05949,,,,,
2022-05-23 11:01:00,1.06103,1.0613,1.06072,1.06087,226,0,0,1.05992,1.06011,1.06017,21.642877611147867,40.27268356282861,8.25048805858035,0.00038,0.0003,0.00021,1.06098,1.0604347658970084,1.0613,1.0604347658970084,1.0,buy break even,2022-05-23 11:14:00,1.060635,1.05994,,,,,
2022-05-23 13:49:00,1.06655,1.0666,1.06649,1.06657,38,0,0,1.06523,1.06645,1.06713,22.150750194991563,16.028076336289704,29.60930643277981,0.00023,0.00024,0.00035,1.06655,1.0664987447168637,1.0666,1.06649,1.0,buy break even,2022-05-23 13:55:00,1.06663,1.06627,,,,,
2022-05-23 17:09:00,1.06594,1.06602,1.06587,1.06598,79,0,0,1.06571,1.06573,1.06576,14.145385280862817,26.604267625193696,25.3286069061318,0.00027,0.00028,0.00024,1.06595,1.0657992857282217,1.06602,1.0657992857282217,1.0,buy win_3,2022-05-23 17:52:00,1.06605,1.06549,,,,,
2022-05-23 17:53:00,1.06723,1.06766,1.06698,1.06711,207,0,0,1.06605,1.06624,1.06655,18.58638286371877,34.26757299173769,15.611492303646315,0.00037,0.0003,0.00026,1.06724,1.0667377360376693,1.06766,1.0667377360376693,1.0,buy win_3,2022-05-23 18:16:00,1.06691,1.06613,,,,,
2022-05-24 11:22:00,1.07137,1.07143,1.0713,1.07134,73,0,0,1.06999,1.07101,1.07193,22.228083879019525,20.10743815779148,26.599597543937453,0.00038,0.00038,0.00029,1.07136,1.0709760949334852,1.07143,1.0709760949334852,1.0,buy break even,2022-05-24 11:30:00,1.070995,1.07053,,,,,
2022-05-24 12:37:00,1.07084,1.07103,1.07082,1.07102,38,0,0,1.07058,1.07109,1.07122,22.677892944995182,21.73748599545476,29.017553957622155,0.00023,0.00024,0.00036,1.07093,1.0708182709016163,1.07103,1.0708182709016163,1.0,buy break even,2022-05-24 13:34:00,1.07106,1.07048,,,,,
2022-05-24 16:45:00,1.07141,1.07226,1.07137,1.07215,272,0,0,1.07103,1.07105,1.07108,14.33892567469152,34.507186126508735,15.41852428232528,0.00042,0.00039,0.00027,1.0718,1.0711619719022778,1.07226,1.0711619719022778,1.0,buy win_3,2022-05-24 16:50:00,1.07155,1.07081,,,,,
2022-05-31 12:30:00,1.07326,1.07334,1.07322,1.07325,64,0,0,1.07386,1.07362,1.07338,22.88693915513188,19.890098458493664,24.63161280461032,0.00025,0.00026,0.00026,1.07327,1.073426764323945,1.073426764323945,1.07322,,,,,,1.0,sell break even,2022-05-31 13:31:00,1.07319,1.07388
2022-05-31 13:37:00,1.07303,1.07321,1.07303,1.07312,49,0,0,1.07341,1.07315,1.07295,15.24816369741127,24.337526409473472,24.181117866844865,0.00021,0.0002,0.00025,1.0731,1.0732274636623884,1.0732274636623884,1.07303,,,,,,1.0,sell break even,2022-05-31 13:50:00,1.073,1.07349
2022-05-31 13:51:00,1.07229,1.07229,1.07115,1.07122,223,0,0,1.07336,1.07312,1.07297,19.49068759917042,9.358743814861803,55.52941778827177,0.0003,0.00022,0.00025,1.07174,1.0728620780922646,1.0728620780922646,1.07115,,,,,,1.0,sell win_3,2022-05-31 13:56:00,1.072175,1.07323
2022-05-31 17:19:00,1.06901,1.06922,1.06894,1.06912,207,0,0,1.07061,1.07032,1.07029,23.144523267737917,17.670993472251244,37.993342079554346,0.00047,0.00047,0.00033,1.06907,1.0696354211985346,1.0696354211985346,1.06894,,,,,,1.0,sell lose,2022-05-31 17:40:00,1.069915,1.0709199999999999
2022-06-02 15:36:00,1.06896,1.06939,1.06895,1.06926,127,0,0,1.06896,1.06912,1.06917,16.689381427700635,25.31792105240149,21.06654910709521,0.0003,0.00029,0.00017,1.06914,1.068779950665674,1.06939,1.068779950665674,1.0,buy win_3,2022-06-02 15:41:00,1.068945,1.06847,,,,,
2022-06-02 17:00:00,1.06996,1.07009,1.06952,1.07,215,0,0,1.06967,1.06993,1.07006,24.970533896489904,15.45824736263483,21.314125511029957,0.00032,0.0003,0.00025,1.06989,1.0696871624452218,1.07009,1.06952,1.0,buy win_3,2022-06-02 17:10:00,1.069655,1.06919,,,,,
2022-06-02 17:10:00,1.07049,1.07086,1.07049,1.07076,127,0,0,1.06973,1.07,1.07015,18.971750414031995,25.27040868773001,13.418067420655944,0.00032,0.00032,0.00026,1.07065,1.0703888644164503,1.07086,1.0703888644164503,1.0,buy win_3,2022-06-02 17:14:00,1.0703999999999998,1.06991,,,,,
2022-06-02 17:30:00,1.07023,1.0705,1.07012,1.07048,176,0,0,1.06992,1.07022,1.07046,20.69096724733576,18.98014495645374,22.40478222155677,0.00037,0.00037,0.00028,1.07033,1.0701342290104527,1.0705,1.07012,1.0,buy win_3,2022-06-02 17:40:00,1.070155,1.06978,,,,,
2022-06-03 11:05:00,1.07535,1.07562,1.07534,1.07561,62,0,0,1.07531,1.07532,1.07538,24.53349054242471,25.10331300938543,21.90838941173496,0.00024,0.00022,0.00013,1.07548,1.0751791485689135,1.07562,1.0751791485689135,1.0,buy win_3,2022-06-03 11:13:00,1.07528,1.07491,,,,,
2022-06-03 11:56:00,1.07533,1.07559,1.07533,1.07559,44,0,0,1.0755,1.07558,1.07567,23.21376326680564,26.679160577164613,29.86812568523809,0.00018,0.00017,0.00016,1.07546,1.0752425345960417,1.07559,1.0752425345960417,1.0,buy lose,2022-06-03 12:04:00,1.07562,1.07493,,,,,
2022-06-03 15:35:00,1.07323,1.07323,1.07182,1.07213,351,0,0,1.07393,1.07358,1.07324,33.50918797348212,9.597415252160078,45.161698117348415,0.00049,0.00041,0.00017,1.0726,1.0734441532495147,1.0734441532495147,1.07182,,,,,,1.0,sell break even,2022-06-03 16:06:00,1.0728849999999999,1.07398
2022-06-07 08:25:00,1.06771,1.06774,1.06748,1.06752,117,0,0,1.06818,1.06817,1.06812,20.761281972260957,17.3626746631498,35.7417076730426,0.00023,0.00024,0.00014,1.06761,1.0678508423224256,1.0678508423224256,1.06748,,,,,,1.0,sell break even,2022-06-07 08:55:00,1.0678299999999998,1.0682099999999999
2022-06-07 09:05:00,1.0676,1.06766,1.06734,1.06734,70,0,0,1.06796,1.06785,1.06765,12.835146583709976,19.53578061887246,20.933524749691973,0.00025,0.00025,0.00017,1.06748,1.067639725004338,1.06766,1.06734,,,,,,1.0,sell break even,2022-06-07 09:26:00,1.06731,1.06789
2022-06-10 13:39:00,1.06021,1.06027,1.06014,1.06027,61,0,0,1.06102,1.06051,1.06016,13.0289577809592,25.570147107897206,19.692614463625667,0.00024,0.00024,0.00025,1.06022,1.060303699632833,1.060303699632833,1.06014,,,,,,1.0,sell win_3,2022-06-10 13:49:00,1.06011,1.0605499999999999
2022-06-10 15:31:00,1.05506,1.05568,1.05473,1.05487,434,0,0,1.0591,1.0584,1.05779,24.81842773279198,11.612390993937977,54.0983259335236,0.0005,0.00033,0.00025,1.05508,1.0575571511427748,1.0575571511427748,1.05473,,,,,,1.0,sell break even,2022-06-10 15:41:00,1.05666,1.05862
2022-06-10 17:57:00,1.05299,1.05306,1.05282,1.05299,226,0,0,1.05403,1.05278,1.05203,30.046307954652093,29.557970447603243,13.621205887551865,0.0004,0.00041,0.00044,1.05297,1.0531416793607595,1.0531416793607595,1.05282,,,,,,1.0,sell break even,2022-06-10 18:00:00,1.0531700000000002,1.05355
2022-06-13 09:39:00,1.04831,1.0484,1.04817,1.04818,120,0,0,1.04877,1.04868,1.04855,16.052933261808622,15.549469210468182,24.754089315015555,0.00024,0.00023,0.00016,1.04826,1.04846911394517,1.04846911394517,1.04817,,,,,,1.0,sell break even,2022-06-13 09:52:00,1.04814,1.04875
2022-06-13 10:10:00,1.04841,1.04854,1.04825,1.04829,190,0,0,1.04856,1.04839,1.04816,25.708244762644256,35.45922878967639,19.35890982221165,0.00034,0.00034,0.00019,1.04837,1.0485165473064728,1.04854,1.04825,,,,,,1.0,sell break even,2022-06-13 10:23:00,1.04861,1.049
2022-06-13 10:27:00,1.04838,1.04845,1.04822,1.04839,152,0,0,1.04852,1.04837,1.04824,24.44299992003,29.51416906768359,18.758271360231557,0.00034,0.00034,0.00021,1.04836,1.0485975122569833,1.0485975122569833,1.04822,,,,,,1.0,sell break even,2022-06-13 10:36:00,1.0485799999999998,1.04897
2022-06-13 10:41:00,1.04841,1.04848,1.04812,1.04818,135,0,0,1.0485,1.04837,1.04829,17.30862256311594,21.78278199949988,22.421494229016915,0.00031,0.0003,0.00022,1.0483,1.0485349632270664,1.0485349632270664,1.04812,,,,,,1.0,sell win_3,2022-06-13 10:44:00,1.04848,1.04887
2022-06-13 10:44:00,1.0476,1.04766,1.04737,1.04737,120,0,0,1.04847,1.04833,1.04822,18.616403327013924,16.603024476329026,32.50667664214212,0.00032,0.00031,0.00022,1.0475,1.0480268704033833,1.0480268704033833,1.04737,,,,,,1.0,sell win_3,2022-06-13 10:54:00,1.047995,1.04865
2022-06-13 12:23:00,1.04741,1.04742,1.04705,1.04738,121,0,0,1.04782,1.04765,1.04763,16.698788977743387,21.032139427730986,37.09022575936158,0.00029,0.00027,0.00029,1.04732,1.0475938309380852,1.0475938309380852,1.04705,,,,,,1.0,sell win_3,2022-06-13 12:51:00,1.04746,1.0479
2022-06-13 16:09:00,1.04585,1.04585,1.04556,1.04557,143,0,0,1.04629,1.04611,1.0461,11.930687262870288,17.879782886435695,24.20073298596445,0.00034,0.00034,0.00028,1.04571,1.045920081256047,1.045920081256047,1.04556,,,,,,1.0,sell lose,2022-06-13 16:11:00,1.0459399999999999,1.04635
2022-06-13 16:36:00,1.04584,1.0459,1.04548,1.04551,177,0,0,1.04622,1.04607,1.04601,17.120742876574557,19.25791120883193,26.739433057314777,0.00035,0.00033,0.0003,1.04568,1.046108206268475,1.046108206268475,1.04548,,,,,,1.0,sell win_3,2022-06-13 16:40:00,1.046025,1.0466
2022-06-16 11:51:00,1.03978,1.03991,1.03963,1.03984,146,0,0,1.04074,1.03999,1.03955,21.90481420597158,21.73992513697556,17.86017704709233,0.00037,0.00037,0.00035,1.03979,1.0401180903142264,1.0401180903142264,1.03963,,,,,,1.0,sell lose,2022-06-16 11:54:00,1.040025,1.0404499999999999
2022-06-16 15:18:00,1.03954,1.03972,1.03944,1.0395,189,0,0,1.04024,1.04,1.03969,15.932329598798932,19.787661331723555,17.909364949673353,0.00043,0.00044,0.00043,1.03955,1.0398392354768249,1.0398392354768249,1.03944,,,,,,1.0,sell lose,2022-06-16 15:22:00,1.0398100000000001,1.04021
