time,open,high,low,close,tick_volume,spread,real_volume,ema_200,ema_117,ema_50,atr,atr_smma_fast,atr_smma_slow,heikin_close,heikin_open,heikin_high,heikin_low,tlb,price_density,kama,efficiency_ratio
2022-07-08 15:39:00,1.01399,1.01448,1.01394,1.01412,202.0,0,0.0,1.0143,1.01471,1.0151,0.0,,0.0,1.01413,1.0143369052610418,1.01448,1.01394,-1.0,3.3441295546558814,,
2022-07-08 15:40:00,1.01413,1.01415,1.01362,1.01378,204.0,0,0.0,1.0143,1.0147,1.01505,0.0,,0.0,1.01392,1.014233452630521,1.014233452630521,1.01362,-1.0,3.4937759336099177,,
2022-07-08 15:41:00,1.01373,1.01373,1.0129,1.01305,242.0,0,0.0,1.01428,1.01467,1.01497,0.0,,0.0,1.01335,1.0140767263152606,1.0140767263152606,1.0129,-1.0,3.5726141078837856,,
2022-07-08 15:42:00,1.01306,1.01367,1.01304,1.01363,240.0,0,0.0,1.01428,1.01465,1.01492,0.0,,0.0,1.01335,1.0137133631576305,1.0137133631576305,1.01304,-1.0,3.676348547717798,,
2022-07-08 15:43:00,1.01364,1.01383,1.01306,1.01322,219.0,0,0.0,1.01427,1.01463,1.01485,0.0,0.0,0.0,1.01344,1.0135316815788151,1.01383,1.01306,-1.0,3.8516949152542086,,
2022-07-08 15:44:00,1.01324,1.01394,1.01321,1.01339,233.0,0,0.0,1.01426,1.01461,1.01479,0.0,0.0,0.0,1.01344,1.0134858407894076,1.01394,1.01321,1.0,4.043859649122852,,
2022-07-08 15:45:00,1.01337,1.01358,1.01305,1.01317,223.0,0,0.0,1.01425,1.01458,1.01473,0.0,0.0,0.0,1.01329,1.0134629203947036,1.01358,1.01305,1.0,4.270089285714219,,
2022-07-08 15:46:00,1.01319,1.01321,1.01227,1.0124,254.0,0,0.0,1.01423,1.01454,1.01464,0.0,0.0,0.0,1.01277,1.0133764601973518,1.0133764601973518,1.01227,-1.0,4.330337078651815,,
2022-07-08 15:47:00,1.01238,1.01258,1.01217,1.01222,230.0,0,0.0,1.01421,1.0145,1.01454,0.0,0.0,0.0,1.01234,1.013073230098676,1.013073230098676,1.01217,-1.0,4.352808988764173,,
2022-07-08 15:48:00,1.01221,1.01234,1.01197,1.01211,200.0,0,0.0,1.01419,1.01446,1.01445,0.0,0.0,0.0,1.01216,1.012706615049338,1.012706615049338,1.01197,-1.0,4.36725663716825,,
2022-07-08 15:49:00,1.01212,1.01248,1.0118,1.0118,129.0,0,0.0,1.01416,1.01442,1.01434,0.0,0.0,0.0,1.01205,1.012433307524669,1.01248,1.0118,-1.0,4.295358649789046,,
2022-07-08 15:50:00,1.0118,1.01235,1.01158,1.01233,192.0,0,0.0,1.01415,1.01438,1.01427,0.0,0.0,0.0,1.01201,1.0122416537623344,1.01235,1.01158,-1.0,4.398734177215181,,
2022-07-08 15:51:00,1.01234,1.01317,1.01234,1.01311,230.0,0,0.0,1.01413,1.01436,1.01422,0.0,0.0,0.0,1.01274,1.0121258268811673,1.01317,1.0121258268811673,1.0,4.682819383259887,,
2022-07-08 15:52:00,1.0131,1.0137,1.01296,1.01367,249.0,0,0.0,1.01413,1.01435,1.0142,0.0,0.0,0.0,1.01336,1.0124329134405836,1.0137,1.0124329134405836,1.0,4.651982378854545,,
2022-07-08 15:53:00,1.01368,1.01382,1.01347,1.01366,173.0,0,0.0,1.01413,1.01434,1.01418,0.00066,0.00013,5e-05,1.01366,1.0128964567202918,1.01382,1.0128964567202918,1.0,4.596916299559422,,
2022-07-08 15:54:00,1.01367,1.0137,1.01332,1.01335,158.0,0,0.0,1.01412,1.01432,1.01415,0.00064,0.00026,8e-05,1.01351,1.013278228360146,1.0137,1.013278228360146,1.0,4.246696035242245,,
2022-07-08 15:55:00,1.01332,1.01411,1.01328,1.01403,190.0,0,0.0,1.01412,1.01432,1.01414,0.00065,0.00039,0.00012,1.01368,1.0133941141800729,1.01411,1.01328,1.0,4.125550660792894,,
2022-07-08 15:56:00,1.01402,1.01402,1.01352,1.0137,174.0,0,0.0,1.01411,1.01431,1.01412,0.00064,0.00052,0.00015,1.01381,1.0135370570900364,1.01402,1.01352,1.0,4.204845814977897,,
2022-07-08 15:57:00,1.01369,1.01463,1.01359,1.01448,204.0,0,0.0,1.01412,1.01431,1.01414,0.00067,0.00065,0.00018,1.0141,1.0136735285450182,1.01463,1.01359,1.0,4.094713656387601,,
2022-07-08 15:58:00,1.01447,1.01457,1.01435,1.01437,159.0,0,0.0,1.01412,1.01431,1.01415,0.00064,0.00065,0.0002,1.01444,1.0138867642725091,1.01457,1.0138867642725091,1.0,3.671806167400833,,
2022-07-08 15:59:00,1.01437,1.01438,1.01415,1.01429,167.0,0,0.0,1.01412,1.01431,1.01415,0.00061,0.00064,0.00022,1.0143,1.0141633821362546,1.01438,1.01415,1.0,3.557268722466896,,
2022-07-08 16:00:00,1.0143,1.01449,1.01424,1.01443,211.0,0,0.0,1.01412,1.01431,1.01416,0.00058,0.00063,0.00024,1.01436,1.0142316910681273,1.01449,1.0142316910681273,1.0,4.385474860334977,,
2022-07-08 16:01:00,1.01441,1.01516,1.01438,1.01506,221.0,0,0.0,1.01413,1.01432,1.0142,0.0006,0.00062,0.00026,1.01475,1.0142958455340636,1.01516,1.0142958455340636,1.0,3.7223587223586505,,
2022-07-08 16:02:00,1.01507,1.01565,1.01499,1.01504,190.0,0,0.0,1.01414,1.01434,1.01423,0.0006,0.00061,0.00027,1.01519,1.0145229227670318,1.01565,1.0145229227670318,1.0,3.717444717444668,,
2022-07-08 16:03:00,1.01504,1.01542,1.01483,1.01489,179.0,0,0.0,1.01415,1.01435,1.01426,0.0006,0.0006,0.00029,1.01504,1.0148564613835158,1.01542,1.01483,1.0,3.717444717444668,,0.0862262038074055
2022-07-08 16:04:00,1.0149,1.0149,1.01436,1.01469,217.0,0,0.0,1.01415,1.01435,1.01427,0.0006,0.0006,0.0003,1.01471,1.014948230691758,1.014948230691758,1.01436,-1.0,3.771498771498694,,0.1035267349260702
2022-07-08 16:05:00,1.01468,1.01543,1.01468,1.01518,165.0,0,0.0,1.01417,1.01437,1.01431,0.00061,0.0006,0.00031,1.01499,1.0148291153458788,1.01543,1.01468,-1.0,3.7149877149875934,,0.2491228070175316
2022-07-08 16:06:00,1.01519,1.01525,1.01465,1.01478,139.0,0,0.0,1.01417,1.01437,1.01433,0.00061,0.0006,0.00032,1.01497,1.0149095576729394,1.01525,1.01465,-1.0,3.697788697788574,,0.1373954599760998
2022-07-08 16:07:00,1.01478,1.01503,1.01447,1.01498,160.0,0,0.0,1.01418,1.01438,1.01435,0.0006,0.0006,0.00033,1.01482,1.0149397788364696,1.01503,1.01447,-1.0,3.5921375921374863,,0.2156862745097975
2022-07-08 16:08:00,1.01498,1.01511,1.01477,1.01484,160.0,0,0.0,1.01419,1.01439,1.01437,0.00058,0.0006,0.00034,1.01492,1.0148798894182347,1.01511,1.01477,-1.0,3.5184275184273663,,0.1783517835178249
2022-07-08 16:09:00,1.01485,1.0151,1.01467,1.01503,149.0,0,0.0,1.01419,1.0144,1.0144,0.00057,0.00059,0.00035,1.01491,1.0148999447091174,1.0151,1.01467,-1.0,3.515970515970402,,0.2296296296296475
2022-07-08 16:10:00,1.01502,1.01515,1.01463,1.01506,144.0,0,0.0,1.0142,1.01441,1.01442,0.00057,0.00059,0.00036,1.01497,1.014904972354559,1.01515,1.01463,1.0,3.4643734643733404,,0.3614130434782628
2022-07-08 16:11:00,1.01504,1.01504,1.01431,1.01446,155.0,0,0.0,1.01421,1.01441,1.01443,0.00058,0.00058,0.00036,1.01471,1.0149374861772793,1.01504,1.01431,-1.0,3.555282555282372,,0.2879177377891929
2022-07-08 16:12:00,1.01445,1.0151,1.01432,1.01482,179.0,0,0.0,1.01421,1.01442,1.01444,0.0006,0.00058,0.00037,1.01467,1.0148237430886398,1.0151,1.01432,-1.0,3.579852579852393,,0.3374844333748159
2022-07-08 16:13:00,1.01484,1.01514,1.01467,1.01494,145.0,0,0.0,1.01422,1.01443,1.01446,0.00059,0.00058,0.00038,1.0149,1.01474687154432,1.01514,1.01467,-1.0,3.579852579852393,,0.4005102040815963
2022-07-08 16:14:00,1.01494,1.01541,1.01473,1.01541,133.0,0,0.0,1.01423,1.01445,1.0145,0.00059,0.00059,0.00038,1.01512,1.01482343577216,1.01541,1.01473,1.0,4.215743440232964,,0.3958868894601219
2022-07-08 16:15:00,1.0154,1.01577,1.01511,1.01514,174.0,0,0.0,1.01424,1.01446,1.01452,0.0006,0.00059,0.00039,1.01536,1.01497171788608,1.01577,1.01497171788608,1.0,4.9466192170816585,,0.2792297111416535
2022-07-08 16:16:00,1.01514,1.01539,1.01512,1.01527,163.0,0,0.0,1.01425,1.01447,1.01455,0.00058,0.00059,0.0004,1.01523,1.01516585894304,1.01539,1.01512,1.0,5.51405622489911,,0.2339181286549312
2022-07-08 16:17:00,1.01526,1.01569,1.01512,1.0155,151.0,0,0.0,1.01426,1.01449,1.01459,0.00057,0.00059,0.0004,1.01539,1.01519792947152,1.01569,1.01512,1.0,5.277566539923564,,0.2606232294617466
2022-07-08 16:18:00,1.0155,1.01591,1.01541,1.01583,131.0,0,0.0,1.01428,1.01451,1.01464,0.00057,0.00058,0.00041,1.01566,1.01529396473576,1.01591,1.01529396473576,1.0,5.380228136881731,,0.3502824858756908
2022-07-08 16:19:00,1.01582,1.0159,1.01525,1.0153,156.0,0,0.0,1.01429,1.01453,1.01466,0.00058,0.00058,0.00041,1.01557,1.01547698236788,1.0159,1.01525,1.0,5.748953974894973,,0.1832611832611897
2022-07-08 16:20:00,1.0153,1.0155,1.01508,1.01537,190.0,0,0.0,1.0143,1.01454,1.01469,0.00056,0.00057,0.00041,1.01531,1.01552349118394,1.01552349118394,1.01508,-1.0,5.818965517241063,,0.2503748125936972
2022-07-08 16:21:00,1.01536,1.01537,1.01511,1.01516,210.0,0,0.0,1.01431,1.01455,1.01471,0.00054,0.00056,0.00042,1.01525,1.01541674559197,1.01541674559197,1.01511,-1.0,7.312500000000032,,0.1114754098360598
2022-07-08 16:22:00,1.01515,1.0155,1.01509,1.01529,155.0,0,0.0,1.01432,1.01456,1.01473,0.00053,0.00056,0.00042,1.01526,1.015333372795985,1.0155,1.01509,-1.0,7.363636363636478,,0.1503267973856176
2022-07-08 16:23:00,1.01528,1.01556,1.01525,1.01552,176.0,0,0.0,1.01433,1.01458,1.01476,0.00052,0.00055,0.00042,1.0154,1.0152966863979924,1.01556,1.01525,1.0,7.820359281436886,,0.1961722488038311
2022-07-08 16:24:00,1.01553,1.01583,1.0155,1.01558,115.0,0,0.0,1.01434,1.0146,1.0148,0.0005,0.00053,0.00042,1.01561,1.0153483431989965,1.01583,1.0153483431989965,1.0,8.149999999999869,,0.1857835218093632
2022-07-08 16:25:00,1.01558,1.01576,1.01553,1.0157,148.0,0,0.0,1.01436,1.01461,1.01483,0.00048,0.00051,0.00043,1.01564,1.0154791715994982,1.01576,1.0154791715994982,1.0,5.192307692307847,,0.112676056338021
2022-07-08 16:26:00,1.0157,1.01691,1.01567,1.01656,193.0,0,0.0,1.01438,1.01465,1.0149,0.00054,0.00051,0.00043,1.01621,1.0155595857997493,1.01691,1.0155595857997493,1.0,5.165384615384849,,0.233128834355828
2022-07-08 16:27:00,1.01656,1.01685,1.01626,1.01642,155.0,0,0.0,1.0144,1.01468,1.01496,0.00054,0.00052,0.00043,1.01652,1.0158847928998749,1.01685,1.0158847928998749,1.0,5.10384615384641,,0.2350230414746666
2022-07-08 16:28:00,1.01642,1.01665,1.01622,1.01629,137.0,0,0.0,1.01442,1.0147,1.01501,0.00053,0.00052,0.00043,1.01639,1.0162023964499374,1.01665,1.0162023964499374,1.0,5.10384615384641,,0.2484472049689166
2022-07-08 16:29:00,1.01628,1.01665,1.01611,1.01653,139.0,0,0.0,1.01444,1.01474,1.01507,0.00053,0.00052,0.00044,1.01639,1.0162961982249683,1.01665,1.01611,1.0,4.826241134751818,1.0162958635042647,0.2180936995153363
2022-07-08 16:30:00,1.01653,1.01713,1.01604,1.01626,282.0,0,0.0,1.01446,1.01476,1.01512,0.00057,0.00054,0.00044,1.01649,1.0163430991124842,1.01713,1.01604,1.0,4.726950354609955,1.0162949523722538,0.2442244224422248
2022-07-08 16:31:00,1.01626,1.01636,1.01604,1.01614,251.0,0,0.0,1.01447,1.01479,1.01516,0.00056,0.00055,0.00044,1.0162,1.016416549556242,1.016416549556242,1.01604,1.0,4.705673758865214,1.0162895052150596,0.1939799331103731
2022-07-08 16:32:00,1.01613,1.01613,1.01563,1.01571,269.0,0,0.0,1.01448,1.0148,1.01518,0.00055,0.00055,0.00044,1.0159,1.0163082747781211,1.0163082747781211,1.01563,-1.0,4.73049645390068,1.0162767901419052,0.1387559808612274
2022-07-08 16:33:00,1.01571,1.01593,1.01552,1.01566,228.0,0,0.0,1.0145,1.01482,1.0152,0.00054,0.00055,0.00045,1.01571,1.0161041373890605,1.0161041373890605,1.01552,-1.0,4.780141843971611,1.0162599956200395,0.1027732463295125
2022-07-08 16:34:00,1.01568,1.01575,1.01518,1.01557,210.0,0,0.0,1.01451,1.01483,1.01521,0.00054,0.00055,0.00045,1.01554,1.0159070686945302,1.0159070686945302,1.01518,-1.0,4.716312056737546,1.0162434618049636,0.0823909531502451
2022-07-08 16:35:00,1.01556,1.01586,1.01552,1.01568,186.0,0,0.0,1.01452,1.01484,1.01523,0.00053,0.00054,0.00045,1.01565,1.015723534347265,1.01586,1.01552,-1.0,4.772241992882649,1.016227319960224,0.2140350877193133
2022-07-08 16:36:00,1.01567,1.01646,1.01562,1.01646,163.0,0,0.0,1.01454,1.01487,1.01528,0.00055,0.00054,0.00045,1.01605,1.0156867671736325,1.01646,1.01562,1.0,5.504065040650253,1.016240040869109,0.2679738562091517
2022-07-08 16:37:00,1.01644,1.01709,1.01618,1.01678,197.0,0,0.0,1.01456,1.0149,1.01534,0.00058,0.00055,0.00045,1.01662,1.0158683835868163,1.01709,1.0158683835868163,1.0,4.697986577181314,1.0162745602435963,0.2911392405063549
2022-07-08 16:38:00,1.01678,1.01771,1.01678,1.01754,214.0,0,0.0,1.01459,1.01495,1.01542,0.0006,0.00056,0.00046,1.0172,1.0162441917934082,1.01771,1.0162441917934082,1.0,5.164794007490805,1.0163732065650328,0.3222390317700615
2022-07-08 16:39:00,1.01756,1.01775,1.01728,1.01751,177.0,0,0.0,1.01462,1.01499,1.01551,0.00059,0.00057,0.00046,1.01753,1.016722095896704,1.01775,1.016722095896704,1.0,5.108614232209869,1.0164718018708987,0.3720565149136818
2022-07-08 16:40:00,1.01751,1.01775,1.01724,1.01737,194.0,0,0.0,1.01465,1.01503,1.01558,0.00059,0.00058,0.00046,1.01747,1.0171260479483522,1.01775,1.0171260479483522,1.0,5.142322097378381,1.0165387205599008,0.329153605015739
2022-07-08 16:41:00,1.01736,1.01742,1.01706,1.01726,172.0,0,0.0,1.01467,1.01507,1.01564,0.00057,0.00059,0.00046,1.01728,1.0172980239741762,1.01742,1.01706,1.0,5.112359550561954,1.0165818121354677,0.2811501597444393
2022-07-08 16:42:00,1.01728,1.01753,1.01704,1.01706,197.0,0,0.0,1.0147,1.0151,1.0157,0.00057,0.00058,0.00047,1.01723,1.017289011987088,1.01753,1.01704,-1.0,4.925093632958892,1.0166039961296138,0.2006525285481573
2022-07-08 16:43:00,1.01707,1.01712,1.01663,1.01663,164.0,0,0.0,,,,0.00056,0.00058,0.00047,1.01686,1.017259505993544,1.017259505993544,1.01663,-1.0,4.865168539325955,1.0166049618984383,0.220563847429508
2022-07-08 16:44:00,1.01665,1.01672,1.01642,1.01653,194.0,0,0.0,,,,0.00054,0.00057,0.00047,1.01658,1.0170597529967722,1.0170597529967722,1.01642,-1.0,4.83834586466184,1.0166018459995725,0.1914191419141784
2022-07-08 16:45:00,1.01652,1.0166,1.01626,1.01626,141.0,0,0.0,,,,0.00053,0.00055,0.00047,1.01641,1.0168198764983862,1.0168198764983862,1.01626,-1.0,4.868421052631713,1.0165925109067042,0.1797385620914993
2022-07-08 16:46:00,1.01627,1.01627,1.01587,1.01587,138.0,0,0.0,,,,0.00052,0.00054,0.00047,1.01607,1.0166149382491931,1.0166149382491931,1.01587,-1.0,5.035019455252889,1.0165735255879076,0.0909090909091035
2022-07-08 16:47:00,1.0159,1.01597,1.01576,1.01588,168.0,0,0.0,,,,0.0005,0.00053,0.00047,1.01588,1.0163424691245966,1.0163424691245966,1.01576,-1.0,4.996108949416317,1.0165615665599015,0.0584415584415516
2022-07-08 16:48:00,1.01589,1.01598,1.01531,1.01549,167.0,0,0.0,,,,0.00051,0.00052,0.00047,1.01567,1.0161112345622982,1.0161112345622982,1.01531,-1.0,5.128404669260766,1.0165469490266033,0.0138674884437495
2022-07-08 16:49:00,1.0155,1.0156,1.01483,1.01499,242.0,0,0.0,,,,0.00053,0.00052,0.00047,1.01523,1.015890617281149,1.015890617281149,1.01483,-1.0,4.698630136986307,1.0165325521123838,0.1033478893741029
2022-07-08 16:50:00,1.01498,1.015,1.01399,1.0142,243.0,0,0.0,,,,0.00056,0.00052,0.00047,1.01454,1.015560308640575,1.015560308640575,1.01399,-1.0,3.587765957446882,1.0165196302356427,0.3470588235294379
2022-07-08 16:51:00,1.01419,1.01439,1.01374,1.01404,236.0,0,0.0,,,,0.00057,0.00053,0.00048,1.01409,1.0150501543202872,1.0150501543202872,1.01374,-1.0,3.3790523690774235,1.016489620191891,0.3489736070381619
2022-07-08 16:52:00,1.01404,1.01454,1.01404,1.01412,193.0,0,0.0,,,,0.00056,0.00055,0.00048,1.01418,1.0145700771601436,1.0145700771601436,1.01404,-1.0,3.396508728179617,1.016463310685227,0.3205317577548461
2022-07-08 16:53:00,1.01412,1.01439,1.01401,1.01429,193.0,0,0.0,,,,0.00055,0.00055,0.00048,1.0142,1.0143750385800718,1.01439,1.01401,-1.0,3.356608478803017,1.016445265718538,0.3343283582090061
2022-07-08 16:54:00,1.01428,1.01442,1.01368,1.01368,188.0,0,0.0,,,,0.00056,0.00056,0.00048,1.01402,1.0142875192900358,1.01442,1.01368,-1.0,3.2211302211301414,1.0164130188021123,0.3664772727273261
2022-07-08 16:55:00,1.01368,1.01409,1.01338,1.01354,194.0,0,0.0,,,,0.00057,0.00056,0.00048,1.01367,1.014153759645018,1.014153759645018,1.01338,-1.0,3.0892448512585564,1.0163591616417524,0.3682719546742663
2022-07-08 16:56:00,1.01354,1.01402,1.01352,1.01395,145.0,0,0.0,,,,0.00057,0.00056,0.00048,1.01376,1.0139118798225089,1.01402,1.01352,-1.0,3.0892448512585564,1.0163345222783677,0.2500000000000473
2022-07-08 16:57:00,1.01395,1.01465,1.01367,1.01465,190.0,0,0.0,,,,0.0006,0.00057,0.00048,1.01423,1.0138359399112544,1.01465,1.01367,1.0,3.219679633867244,1.016324126164255,0.1313394018205597
2022-07-08 16:58:00,1.01472,1.01472,1.01407,1.01452,198.0,0,0.0,,,,0.0006,0.00058,0.00049,1.01451,1.0140329699556272,1.01472,1.0140329699556272,1.0,3.237986270022868,1.0163131094932518,0.135834411384236
2022-07-08 16:59:00,1.01453,1.01455,1.01422,1.0143,170.0,0,0.0,,,,0.00058,0.00058,0.00049,1.0144,1.0142714849778136,1.01455,1.01422,1.0,3.235697940503453,1.0162947350893177,0.1760204081632756
2022-07-08 17:00:00,1.01429,1.01449,1.0136,1.0136,242.0,0,0.0,,,,0.0006,0.00059,0.00049,1.01399,1.0143357424889068,1.01449,1.0136,-1.0,3.2471395881006804,1.0162534628425766,0.3685567010309528
2022-07-08 17:01:00,1.01359,1.01398,1.01357,1.01388,234.0,0,0.0,,,,0.00059,0.00059,0.00049,1.01375,1.0141628712444533,1.0141628712444533,1.01357,-1.0,3.1327231121281525,1.0162348443006735,0.375647668393855
2022-07-08 17:02:00,1.01387,1.01413,1.01364,1.0138,170.0,0,0.0,,,,0.00058,0.00059,0.00049,1.01386,1.0139564356222266,1.01413,1.01364,-1.0,3.032036613272318,1.0162066292592258,0.5312500000000681
2022-07-08 17:03:00,1.01383,1.01475,1.01383,1.01471,186.0,0,0.0,,,,0.00061,0.00059,0.00049,1.01428,1.0139082178111134,1.01475,1.01383,1.0,3.1350114416476185,1.0161984932646677,0.3535353535353954
2022-07-08 17:04:00,1.0147,1.01512,1.01451,1.0151,235.0,0,0.0,,,,0.00061,0.0006,0.00049,1.01486,1.0140941089055566,1.01512,1.0140941089055566,1.0,3.325301204819207,1.0161919799269938,0.277845777233846
2022-07-08 17:05:00,1.01509,1.01523,1.0149,1.01523,192.0,0,0.0,,,,0.00059,0.0006,0.0005,1.01511,1.0144770544527784,1.01523,1.0144770544527784,1.0,3.318072289156616,1.0161875087570174,0.2478632478632742
2022-07-08 17:06:00,1.01524,1.01547,1.01516,1.01543,122.0,0,0.0,,,,0.00057,0.00059,0.0005,1.01533,1.0147935272263893,1.01547,1.0147935272263893,1.0,3.633689839572175,1.0161836911378206,0.199023199023225
2022-07-08 17:07:00,1.01545,1.01562,1.0151,1.01558,179.0,0,0.0,,,,0.00057,0.00059,0.0005,1.01544,1.015061763613195,1.01562,1.015061763613195,1.0,4.077844311377154,1.0161809184399595,0.1327433628318787
2022-07-08 17:08:00,1.01561,1.01561,1.01528,1.01545,156.0,0,0.0,,,,0.00055,0.00058,0.0005,1.01549,1.0152508818065973,1.01561,1.0152508818065973,1.0,4.239130434782658,1.01617621848675,0.1360201511335192
2022-07-08 17:09:00,1.01546,1.0156,1.01531,1.01545,158.0,0,0.0,,,,0.00053,0.00056,0.0005,1.01545,1.0153704409032986,1.0156,1.01531,1.0,4.705882352941177,1.016172564252899,0.1056062581486455
2022-07-08 17:10:00,1.01545,1.0157,1.01532,1.01563,165.0,0,0.0,,,,0.00052,0.00055,0.0005,1.01553,1.0154102204516493,1.0157,1.01532,1.0,5.223076923076748,1.0161694668317767,0.032171581769444
2022-07-08 17:11:00,1.0156,1.01635,1.01558,1.01631,177.0,0,0.0,,,,0.00054,0.00054,0.0005,1.01596,1.0154701102258246,1.01635,1.0154701102258246,1.0,4.760942760942701,1.0161712228842836,0.0528905289053137
2022-07-08 17:12:00,1.01631,1.01666,1.01618,1.01663,205.0,0,0.0,,,,0.00053,0.00053,0.0005,1.01645,1.0157150551129122,1.01666,1.0157150551129122,1.0,4.25304878048791,1.0161777074268052,0.1414392059553412
2022-07-08 17:13:00,1.01663,1.0169,1.01644,1.01647,198.0,0,0.0,,,,0.00053,0.00053,0.0005,1.01661,1.0160825275564562,1.0169,1.0160825275564562,1.0,3.875,1.0161808232001306,0.1917098445595992
2022-07-08 17:14:00,1.01647,1.01668,1.01634,1.01668,213.0,0,0.0,,,,0.00051,0.00053,0.0005,1.01654,1.016346263778228,1.01668,1.01634,1.0,3.684659090909104,1.0161867441957393,0.3473389355742818
2022-07-08 17:15:00,1.01671,1.0168,1.01641,1.01649,150.0,0,0.0,,,,0.00051,0.00052,0.0005,1.0166,1.016443131889114,1.0168,1.01641,1.0,3.610795454545488,1.0161895536083934,0.3417015341701678
2022-07-08 17:16:00,1.01644,1.0166,1.0161,1.01614,162.0,0,0.0,,,,0.00051,0.00052,0.0005,1.01632,1.016521565944557,1.0166,1.0161,-1.0,3.610795454545488,1.0161892205576477,0.2715053763441321
2022-07-08 17:17:00,1.01615,1.01656,1.01615,1.01652,121.0,0,0.0,,,,0.0005,0.00051,0.0005,1.01635,1.0164207829722784,1.01656,1.01615,-1.0,3.619318181818208,1.0161907775022543,0.2915032679739071
2022-07-08 17:18:00,1.01652,1.0166,1.01629,1.01653,114.0,0,0.0,,,,0.00049,0.0005,0.0005,1.01648,1.0163853914861392,1.0166,1.01629,-1.0,3.497159090909072,1.016192655952576,0.4042553191489897
2022-07-08 17:19:00,1.01654,1.0169,1.01654,1.01672,122.0,0,0.0,,,,0.00048,0.0005,0.0005,1.01667,1.0164326957430696,1.0169,1.0164326957430696,1.0,3.538461538461529,1.0161954185802868,0.4478873239436917
2022-07-08 17:20:00,1.01673,1.01686,1.01661,1.0167,135.0,0,0.0,,,,0.00046,0.00049,0.0005,1.01673,1.016551347871535,1.01686,1.016551347871535,1.0,3.516516516516659,1.0161988983145405,0.4098360655737889
2022-07-08 17:21:00,1.01671,1.01691,1.01655,1.01655,125.0,0,0.0,,,,0.00045,0.00048,0.0005,1.01668,1.0166406739357674,1.01691,1.01655,1.0,3.3203592814371734,1.0162012444299837,0.3084415584415856
2022-07-08 17:22:00,1.01655,1.01694,1.01646,1.01694,114.0,0,0.0,,,,0.00046,0.00047,0.0005,1.01672,1.0166603369678835,1.01694,1.01646,-1.0,3.2403560830861218,1.0162112444703146,0.3769470404984553
2022-07-08 17:23:00,1.01694,1.01694,1.01644,1.01647,114.0,0,0.0,,,,0.00046,0.00046,0.0005,1.0167,1.016690168483942,1.01694,1.01644,-1.0,3.2908011869436256,1.0162137130169249,0.3253373313343684
2022-07-08 17:24:00,1.01648,1.01651,1.01623,1.01635,136.0,0,0.0,,,,0.00045,0.00046,0.0005,1.01639,1.016695084241971,1.016695084241971,1.01623,-1.0,3.109792284866533,1.016214979007999,0.4515599343186146
2022-07-08 17:25:00,1.01633,1.01671,1.01625,1.01658,128.0,0,0.0,,,,0.00045,0.00045,0.0005,1.01647,1.0165425421209855,1.01671,1.01625,-1.0,3.1909090909091384,1.0162187015212008,0.4470198675497391
2022-07-08 17:26:00,1.01658,1.01686,1.0165,1.0168,118.0,0,0.0,,,,0.00044,0.00045,0.0005,1.01669,1.0165062710604928,1.01686,1.0165,-1.0,3.344051446945384,1.0162223140826154,0.4854368932039124
2022-07-08 17:27:00,1.01681,1.01682,1.01661,1.01673,109.0,0,0.0,,,,0.00042,0.00044,0.0005,1.01674,1.0165981355302465,1.01682,1.0165981355302465,-1.0,3.987654320987756,1.0162245699464467,0.3782771535580742
2022-07-08 17:28:00,1.01671,1.01671,1.01632,1.01632,97.0,0,0.0,,,,0.00042,0.00044,0.0005,1.01652,1.0166690677651231,1.01671,1.01632,-1.0,4.642156862745047,1.016225901830918,0.2276119402985247
2022-07-08 17:29:00,1.01632,1.01652,1.01618,1.01645,123.0,0,0.0,,,,0.00042,0.00043,0.00049,1.01637,1.0165945338825615,1.0165945338825615,1.01618,-1.0,5.152173913043264,1.0162286514280618,0.2276119402985247
2022-07-08 17:30:00,1.01645,1.01686,1.01644,1.01686,109.0,0,0.0,,,,0.00042,0.00042,0.00049,1.01665,1.016482266941281,1.01686,1.01644,1.0,5.211956521738943,1.0162333581468495,0.2567324955116943
2022-07-08 17:31:00,1.01687,1.01711,1.01671,1.0171,156.0,0,0.0,,,,0.00042,0.00042,0.00049,1.01695,1.0165661334706404,1.01711,1.0165661334706404,1.0,5.174863387978075,1.0162377639995415,0.2685512367491317
2022-07-08 17:32:00,1.01715,1.01733,1.01708,1.01719,160.0,0,0.0,,,,0.0004,0.00042,0.00049,1.01719,1.0167580667353202,1.01733,1.0167580667353202,1.0,4.648514851484848,1.0162424395343008,0.3096085409252947
2022-07-08 17:33:00,1.0172,1.01741,1.01708,1.0174,96.0,0,0.0,,,,0.0004,0.00041,0.00049,1.01727,1.01697403336766,1.01741,1.01697403336766,1.0,4.511961722488117,1.016253544228711,0.3344768439108391
2022-07-08 17:34:00,1.01742,1.0175,1.01709,1.01735,121.0,0,0.0,,,,0.0004,0.00041,0.00049,1.01734,1.01712201668383,1.0175,1.01709,1.0,4.927083333332861,1.0162645624265705,0.3017543859649121
2022-07-08 17:35:00,1.01733,1.01747,1.01725,1.01733,99.0,0,0.0,,,,0.00039,0.0004,0.00049,1.01735,1.017231008341915,1.01747,1.017231008341915,1.0,6.364285714285228,1.0162779263072688,0.2023809523809681
2022-07-08 17:36:00,1.01727,1.0176,1.01725,1.01757,72.0,0,0.0,,,,0.00038,0.00039,0.00049,1.01742,1.0172905041709577,1.0176,1.01725,1.0,5.853333333333119,1.0163035392067166,0.1895161290322965
2022-07-08 17:37:00,1.01755,1.01778,1.01752,1.01765,102.0,0,0.0,,,,0.00038,0.00039,0.00049,1.01763,1.0173552520854787,1.01778,1.0173552520854787,1.0,5.1071428571431685,1.016331274860478,0.2418032786885273
2022-07-08 17:38:00,1.01764,1.01779,1.01747,1.01759,153.0,0,0.0,,,,0.00037,0.00038,0.00048,1.01762,1.0174926260427393,1.01779,1.01747,1.0,5.065088757396484,1.0163637419618778,0.1923890063425006
2022-07-08 17:39:00,1.01761,1.01782,1.01733,1.0174,109.0,0,0.0,,,,0.00038,0.00038,0.00048,1.01754,1.0175563130213696,1.01782,1.01733,1.0,5.034883720930333,1.0163963716763913,0.1923890063425566
2022-07-08 17:40:00,1.0174,1.0176,1.01739,1.01749,107.0,0,0.0,,,,0.00037,0.00038,0.00048,1.01747,1.0175481565106848,1.0176,1.01739,1.0,5.01197604790467,1.016453007415895,0.3020134228188152
2022-07-08 17:41:00,1.01749,1.01756,1.01718,1.01722,75.0,0,0.0,,,,0.00037,0.00037,0.00048,1.01736,1.0175090782553424,1.01756,1.01718,-1.0,5.085365853659103,1.0164903671417236,0.1605504587155979
2022-07-08 17:42:00,1.01722,1.0176,1.01714,1.01757,131.0,0,0.0,,,,0.00038,0.00037,0.00048,1.01738,1.0174345391276711,1.0176,1.01714,-1.0,5.176829268293314,1.0165476346584987,0.221276595744727
2022-07-08 17:43:00,1.01756,1.01785,1.01744,1.01781,110.0,0,0.0,,,,0.00038,0.00038,0.00048,1.01766,1.0174072695638356,1.01785,1.0174072695638356,1.0,5.113772455090577,1.0166160119748067,0.2294736842105536
2022-07-08 17:44:00,1.01781,1.01782,1.01764,1.01776,77.0,0,0.0,,,,0.00036,0.00037,0.00048,1.01776,1.017533634781918,1.01782,1.017533634781918,1.0,5.07185628742576,1.01669852589732,0.2217573221757652
2022-07-08 17:45:00,1.01774,1.01789,1.01771,1.01778,81.0,0,0.0,,,,0.00035,0.00037,0.00048,1.01778,1.017646817390959,1.01789,1.017646817390959,1.0,4.847953216374821,1.0167825303350144,0.2645161290322469
2022-07-08 17:46:00,1.01779,1.01779,1.01747,1.01764,136.0,0,0.0,,,,0.00035,0.00036,0.00047,1.01767,1.017713408695479,1.01779,1.01747,1.0,4.754385964912732,1.0168383923933468,0.1590909090909595
2022-07-08 17:47:00,1.01763,1.01784,1.0175,1.01756,110.0,0,0.0,,,,0.00035,0.00036,0.00047,1.01763,1.0176917043477398,1.01784,1.0175,1.0,4.660818713450773,1.0168743993153615,0.2718204488778397
2022-07-08 17:48:00,1.01757,1.01758,1.01716,1.01719,121.0,0,0.0,,,,0.00035,0.00035,0.00047,1.01737,1.01766085217387,1.01766085217387,1.01716,-1.0,4.742690058479906,1.0168879450908885,0.1971830985915515
2022-07-08 17:49:00,1.01719,1.01744,1.01668,1.0167,142.0,0,0.0,,,,0.00038,0.00036,0.00047,1.017,1.017515426086935,1.017515426086935,1.01668,-1.0,4.918128654971127,1.0168811783484168,0.0265486725663499
2022-07-08 17:50:00,1.01671,1.01753,1.01671,1.01745,188.0,0,0.0,,,,0.00041,0.00037,0.00047,1.0171,1.0172577130434677,1.01753,1.01671,-1.0,5.187134502924307,1.016920985365986,0.1287128712871365
2022-07-08 17:51:00,1.01745,1.01764,1.01708,1.01761,165.0,0,0.0,,,,0.00042,0.00038,0.00047,1.01744,1.0171788565217337,1.01764,1.01708,1.0,5.391812865497463,1.0169676822038327,0.1712062256809348
2022-07-08 17:52:00,1.01761,1.01763,1.0169,1.0169,167.0,0,0.0,,,,0.00045,0.0004,0.00047,1.01726,1.0173094282608668,1.01763,1.0169,1.0,5.590643274854207,1.016964442435538,0.1066176470588302
2022-07-08 17:53:00,1.0169,1.01749,1.0169,1.01728,143.0,0,0.0,,,,0.00046,0.00042,0.00047,1.01714,1.0172847141304335,1.01749,1.0169,1.0,6.765517241379604,1.0169768472582543,0.1458699472759091
2022-07-08 17:54:00,1.01729,1.01764,1.0172,1.01736,118.0,0,0.0,,,,0.00046,0.00044,0.00047,1.01737,1.0172123570652167,1.01764,1.0172,1.0,8.123966942149213,1.0169900137425283,0.0932835820895452
2022-07-08 17:55:00,1.01736,1.01789,1.01734,1.0178,119.0,0,0.0,,,,0.00046,0.00045,0.00047,1.0176,1.0172911785326084,1.01789,1.0172911785326084,1.0,8.247933884298057,1.0170218549564878,0.1258992805755654
2022-07-08 17:56:00,1.01779,1.01787,1.01775,1.01784,80.0,0,0.0,,,,0.00044,0.00045,0.00047,1.01781,1.017445589266304,1.01787,1.017445589266304,1.0,8.140495867769156,1.0170519212863385,0.1179673321234212
2022-07-08 17:57:00,1.01783,1.01817,1.01742,1.01742,148.0,0,0.0,,,,0.00046,0.00046,0.00047,1.01771,1.0176277946331522,1.01817,1.01742,1.0,6.89261744966462,1.0170612706834514,0.0034965034964876
2022-07-08 17:58:00,1.01744,1.01753,1.0172,1.01737,174.0,0,0.0,,,,0.00045,0.00045,0.00047,1.01738,1.0176688973165762,1.0176688973165762,1.0172,-1.0,6.83892617449678,1.0170695927503572,0.0034965034965265
2022-07-08 17:59:00,1.01736,1.01744,1.01722,1.01736,146.0,0,0.0,,,,0.00043,0.00045,0.00047,1.01734,1.0175244486582882,1.0175244486582882,1.01722,-1.0,6.838926174496631,1.0170773633919445,0.0052539404553371
2022-07-08 18:00:00,1.01736,1.0175,1.01712,1.01712,149.0,0,0.0,,,,0.00043,0.00044,0.00047,1.01728,1.017432224329144,1.0175,1.01712,-1.0,6.859060402684534,1.0170782158350955,0.0788091068301349
2022-07-08 18:01:00,1.01714,1.01752,1.01712,1.01738,132.0,0,0.0,,,,0.00043,0.00044,0.00047,1.01729,1.017356112164572,1.01752,1.01712,-1.0,6.953020134228178,1.017082691944649,0.0458404074702877
2022-07-08 18:02:00,1.01737,1.01764,1.01737,1.01759,142.0,0,0.0,,,,0.00042,0.00043,0.00047,1.01749,1.017323056082286,1.01764,1.017323056082286,1.0,6.91946308724839,1.0170895662701966,0.0
2022-07-08 18:03:00,1.0176,1.0182,1.01752,1.0182,149.0,0,0.0,,,,0.00044,0.00043,0.00047,1.01788,1.017406528041143,1.0182,1.017406528041143,1.0,6.907894736842376,1.0171160373045387,0.1238390092879095
2022-07-08 18:04:00,1.0182,1.01875,1.01807,1.01875,147.0,0,0.0,,,,0.00045,0.00043,0.00047,1.01844,1.0176432640205717,1.01875,1.0176432640205717,1.0,5.299516908212589,1.01716270301657,0.1820809248554901
2022-07-08 18:05:00,1.01872,1.01883,1.01852,1.01877,173.0,0,0.0,,,,0.00044,0.00044,0.00047,1.01871,1.0180416320102856,1.01883,1.0180416320102856,1.0,5.06976744186072,1.0172155108277767,0.2323838080959369
2022-07-08 18:06:00,1.01876,1.01883,1.0186,1.01865,146.0,0,0.0,,,,0.00043,0.00044,0.00047,1.01871,1.0183758160051428,1.01883,1.0183758160051428,1.0,4.962790697674586,1.0172703935052068,0.1677018633540325
2022-07-08 18:07:00,1.01866,1.01875,1.01849,1.01859,74.0,0,0.0,,,,0.00042,0.00044,0.00047,1.01862,1.0185429080025714,1.01875,1.01849,1.0,4.893023255814176,1.0173111337309806,0.1246006389776376
2022-07-08 18:08:00,1.01857,1.01857,1.01836,1.01847,113.0,0,0.0,,,,0.0004,0.00043,0.00047,1.01849,1.0185814540012856,1.0185814540012856,1.01836,-1.0,4.906976744186361,1.0173437293483862,0.1121642969984193
2022-07-08 18:09:00,1.01848,1.01853,1.01836,1.01846,112.0,0,0.0,,,,0.00039,0.00042,0.00046,1.01846,1.0185357270006428,1.0185357270006428,1.01836,-1.0,4.902325581395632,1.017371796776321,0.1075949367088612
2022-07-08 18:10:00,1.01845,1.01854,1.01818,1.01825,118.0,0,0.0,,,,0.00038,0.0004,0.00046,1.01836,1.0184978635003217,1.01854,1.01818,-1.0,4.920930232558443,1.0173907463304075,0.0954616588419386
2022-07-08 18:11:00,1.01824,1.01833,1.01815,1.01831,106.0,0,0.0,,,,0.00037,0.00039,0.00046,1.01826,1.0184289317501607,1.0184289317501607,1.01815,-1.0,4.846511627907201,1.017413928443956,0.1177394034536938
2022-07-08 18:12:00,1.01832,1.01841,1.01828,1.01839,88.0,0,0.0,,,,0.00035,0.00038,0.00046,1.01835,1.0183444658750802,1.01841,1.01828,-1.0,4.711627906977007,1.0174342805427803,0.1973684210526143
2022-07-08 18:13:00,1.0184,1.01879,1.01837,1.01879,113.0,0,0.0,,,,0.00036,0.00037,0.00046,1.01859,1.0183472329375405,1.01879,1.0183472329375405,1.0,4.6179245283021935,1.0174848594888186,0.3489148580968561
2022-07-08 18:14:00,1.01881,1.01906,1.01853,1.01866,143.0,0,0.0,,,,0.00037,0.00037,0.00046,1.01876,1.0184686164687702,1.01906,1.0184686164687702,1.0,4.398148148147951,1.0175283967606061,0.2253258845437451
2022-07-08 18:15:00,1.01866,1.01884,1.01864,1.01883,110.0,0,0.0,,,,0.00036,0.00036,0.00046,1.01874,1.018614308234385,1.01884,1.018614308234385,1.0,4.231481481481233,1.0175753095411713,0.2267657992564985
2022-07-08 18:16:00,1.01884,1.01885,1.01856,1.01875,130.0,0,0.0,,,,0.00035,0.00036,0.00046,1.01875,1.0186771541171926,1.01885,1.01856,1.0,4.027777777777547,1.0176111047395693,0.3894736842105509
2022-07-08 18:17:00,1.01874,1.01874,1.01833,1.01838,89.0,0,0.0,,,,0.00036,0.00036,0.00046,1.01855,1.0187135770585964,1.01874,1.01833,-1.0,4.391752577319511,1.0176295978852972,0.2320675105485461
2022-07-08 18:18:00,1.01838,1.01839,1.0181,1.01811,90.0,0,0.0,,,,0.00035,0.00036,0.00046,1.01824,1.0186317885292984,1.0186317885292984,1.0181,-1.0,4.314432989690598,1.0176425251706611,0.1521298174442285
2022-07-08 18:19:00,1.01812,1.01818,1.01783,1.01791,104.0,0,0.0,,,,0.00035,0.00035,0.00046,1.01801,1.0184358942646492,1.0184358942646492,1.01783,-1.0,4.211340206185458,1.0176481621128968,0.0234541577825283
2022-07-08 18:20:00,1.01791,1.01793,1.01765,1.01782,136.0,0,0.0,,,,0.00035,0.00035,0.00045,1.01783,1.0182229471323248,1.0182229471323248,1.01765,-1.0,4.293814432989548,1.0176506017953972,0.004219409282728
2022-07-08 18:21:00,1.01784,1.01827,1.01782,1.01814,96.0,0,0.0,,,,0.00035,0.00035,0.00045,1.01802,1.0180264735661624,1.01827,1.01782,-1.0,4.139175257731837,1.0176580375402149,0.1551724137931158
2022-07-08 18:22:00,1.01814,1.01829,1.01799,1.01804,101.0,0,0.0,,,,0.00035,0.00035,0.00045,1.01812,1.018023236783081,1.01829,1.01799,1.0,4.123711340206077,1.0176628704643949,0.1428571428571293
2022-07-08 18:23:00,1.01803,1.01817,1.01785,1.01786,103.0,0,0.0,,,,0.00035,0.00035,0.00045,1.01798,1.0180716183915406,1.01817,1.01785,1.0,4.175257731958761,1.0176644867517122,0.1028806584362008
2022-07-08 18:24:00,1.01787,1.01789,1.0177,1.01778,91.0,0,0.0,,,,0.00034,0.00035,0.00045,1.01781,1.0180258091957703,1.0180258091957703,1.0177,-1.0,4.077319587628798,1.0176653972704286,0.1404255319148642
2022-07-08 18:25:00,1.0178,1.01821,1.01775,1.01818,110.0,0,0.0,,,,0.00035,0.00035,0.00045,1.01798,1.0179179045978852,1.01821,1.01775,-1.0,4.715976331361183,1.0176717189005327,0.1652892561983611
2022-07-08 18:26:00,1.01817,1.0185,1.01808,1.01843,102.0,0,0.0,,,,0.00035,0.00035,0.00045,1.0183,1.0179489522989429,1.0185,1.0179489522989429,1.0,5.272727272727024,1.0176811186603958,0.1721311475409661
2022-07-08 18:27:00,1.0184,1.01873,1.01837,1.01845,136.0,0,0.0,,,,0.00035,0.00035,0.00045,1.01849,1.0181244761494712,1.01873,1.0181244761494712,1.0,5.531914893616519,1.01769013826655,0.058275058275073
2022-07-08 18:28:00,1.01845,1.01849,1.01814,1.0182,94.0,0,0.0,,,,0.00035,0.00035,0.00045,1.01832,1.0183072380747356,1.01849,1.01814,1.0,5.297872340424935,1.0176949693577797,0.1378446115288215
2022-07-08 18:29:00,1.0182,1.01861,1.01817,1.01842,160.0,0,0.0,,,,0.00036,0.00035,0.00045,1.01835,1.0183136190373676,1.01861,1.01817,1.0,5.390070921985342,1.0177052809268607,0.0835322195703584
2022-07-08 18:30:00,1.01843,1.01845,1.01807,1.01807,141.0,0,0.0,,,,0.00036,0.00035,0.00045,1.01825,1.018331809518684,1.01845,1.01807,-1.0,5.496453900708803,1.0177085682470428,0.1312217194569967
2022-07-08 18:31:00,1.01807,1.01826,1.01807,1.0182,111.0,0,0.0,,,,0.00035,0.00035,0.00044,1.01815,1.018290904759342,1.018290904759342,1.01807,-1.0,5.446808510637719,1.0177152442467834,0.0868596881960012
2022-07-08 18:32:00,1.01819,1.01844,1.01819,1.01844,89.0,0,0.0,,,,0.00034,0.00035,0.00044,1.01831,1.018220452379671,1.01844,1.01819,-1.0,5.475177304963985,1.017724200589454,0.0065075921908828
2022-07-08 18:33:00,1.01844,1.01844,1.01822,1.01825,63.0,0,0.0,,,,0.00033,0.00035,0.00044,1.01834,1.0182652261898355,1.01844,1.01822,-1.0,5.510638297871858,1.0177282922413926,0.0438413361168682
2022-07-08 18:34:00,1.01824,1.01824,1.01798,1.01806,81.0,0,0.0,,,,0.00033,0.00034,0.00044,1.01813,1.0183026130949178,1.0183026130949178,1.01798,-1.0,5.4397163120562695,1.0177304404120155,0.0398322851153252
2022-07-08 18:35:00,1.01805,1.01856,1.01804,1.01848,104.0,0,0.0,,,,0.00034,0.00034,0.00044,1.01828,1.0182163065474588,1.01856,1.01804,1.0,5.6808510638293015,1.0177380082515275,0.0331384015594486
2022-07-08 18:36:00,1.01847,1.01857,1.01835,1.01854,62.0,0,0.0,,,,0.00033,0.00033,0.00044,1.01848,1.0182481532737295,1.01857,1.0182481532737295,1.0,5.744680851063284,1.0177479027999305,0.0293542074364116
2022-07-08 18:37:00,1.01853,1.01854,1.01838,1.01845,75.0,0,0.0,,,,0.00032,0.00033,0.00044,1.01848,1.018364076636865,1.01854,1.018364076636865,1.0,5.560283687942628,1.0177564782712913,0.0708333333333229
2022-07-08 18:38:00,1.01844,1.01859,1.01838,1.01859,74.0,0,0.0,,,,0.00031,0.00033,0.00044,1.0185,1.0184220383184326,1.01859,1.01838,1.0,6.266666666665988,1.0177724290048327,0.0145530145529694
2022-07-08 18:39:00,1.01858,1.01859,1.01843,1.01843,67.0,0,0.0,,,,0.0003,0.00032,0.00044,1.01851,1.0184610191592165,1.01859,1.01843,1.0,6.233333333332809,1.0177889381304304,0.0833333333333102
2022-07-08 18:40:00,1.01842,1.01844,1.01813,1.01826,107.0,0,0.0,,,,0.0003,0.00031,0.00044,1.01831,1.0184855095796082,1.0184855095796082,1.01813,-1.0,6.880733944953758,1.017794734091078,0.1002044989775064
2022-07-08 18:41:00,1.01827,1.01829,1.01785,1.01785,87.0,0,0.0,,,,0.00031,0.00031,0.00043,1.01806,1.0183977547898042,1.0183977547898042,1.01785,-1.0,6.972222222222245,1.0177950698720506,0.1075050709939219
2022-07-08 18:42:00,1.01785,1.01804,1.01769,1.01803,103.0,0,0.0,,,,0.00031,0.00031,0.00043,1.0179,1.0182288773949022,1.0182288773949022,1.01769,-1.0,7.027777777777961,1.0177991033138605,0.0165289256198476
2022-07-08 18:43:00,1.01802,1.01843,1.01798,1.01842,70.0,0,0.0,,,,0.00032,0.00031,0.00043,1.01821,1.0180644386974511,1.01843,1.01798,-1.0,7.12037037037034,1.0178098485761495,0.1013916500993814
2022-07-08 18:44:00,1.01844,1.01859,1.01826,1.01859,99.0,0,0.0,,,,0.00032,0.00031,0.00043,1.01847,1.0181372193487257,1.01859,1.0181372193487257,1.0,7.4423076923080576,1.017824323830287,0.1506849315068493
2022-07-08 18:45:00,1.01859,1.0186,1.0182,1.01826,119.0,0,0.0,,,,0.00033,0.00032,0.00043,1.01841,1.018303609674363,1.0186,1.0182,1.0,7.39423076923103,1.0178279808976316,0.0234374999999749
2022-07-08 18:46:00,1.01827,1.01838,1.01823,1.01827,95.0,0,0.0,,,,0.00032,0.00032,0.00043,1.01829,1.0183568048371816,1.01838,1.01823,1.0,7.250000000000374,1.017831555352623,0.04572564612324
2022-07-08 18:47:00,1.01827,1.01834,1.01816,1.01833,71.0,0,0.0,,,,0.00031,0.00032,0.00043,1.01828,1.0183234024185908,1.01834,1.01816,-1.0,7.1153846153849525,1.0178387640280067,0.095723014256592
2022-07-08 18:48:00,1.01832,1.01832,1.01769,1.01774,81.0,0,0.0,,,,0.00033,0.00032,0.00043,1.01802,1.0183017012092954,1.01832,1.01769,-1.0,7.5384615384619,1.017838033556221,0.0073800738007032
2022-07-08 18:49:00,1.01775,1.01777,1.01737,1.01737,165.0,0,0.0,,,,0.00034,0.00033,0.00043,1.01757,1.0181608506046476,1.0181608506046476,1.01737,-1.0,5.720588235294696,1.0178360514075802,0.150278293135413
2022-07-08 18:50:00,1.01739,1.01768,1.01738,1.01749,108.0,0,0.0,,,,0.00033,0.00033,0.00043,1.01749,1.0178654253023238,1.0178654253023238,1.01738,-1.0,5.632352941177111,1.0178335208105311,0.1787072243345654
2022-07-08 18:51:00,1.01749,1.01773,1.01743,1.01772,126.0,0,0.0,,,,0.00033,0.00033,0.00043,1.01759,1.017677712651162,1.01773,1.01743,-1.0,6.129032258064834,1.0178327223440504,0.1334552102376688
2022-07-08 18:52:00,1.01773,1.01785,1.01762,1.01777,119.0,0,0.0,,,,0.00032,0.00033,0.00043,1.01774,1.0176338563255811,1.01785,1.01762,1.0,6.032258064516522,1.0178323703022878,0.0815939278937163
2022-07-08 18:53:00,1.01777,1.018,1.0177,1.018,85.0,0,0.0,,,,0.00032,0.00033,0.00042,1.01787,1.0176869281627905,1.018,1.0176869281627905,1.0,5.967479674797433,1.017833351599423,0.079545454545465
2022-07-08 18:54:00,1.01799,1.018,1.01777,1.01783,106.0,0,0.0,,,,0.00032,0.00032,0.00042,1.0179,1.0177784640813954,1.018,1.01777,1.0,5.845528455285145,1.0178333018255386,0.0470588235294122
2022-07-08 18:55:00,1.01783,1.01796,1.0178,1.01785,63.0,0,0.0,,,,0.0003,0.00032,0.00042,1.01786,1.0178392320406977,1.01796,1.0178,1.0,5.821138211382724,1.017833549806547,0.0701402805611329
2022-07-08 18:56:00,1.01785,1.01785,1.01759,1.01773,69.0,0,0.0,,,,0.0003,0.00031,0.00042,1.01775,1.017849616020349,1.01785,1.01759,-1.0,5.829268292683411,1.0178320120105735,0.1457905544147774
2022-07-08 18:57:00,1.01773,1.0178,1.01753,1.01757,96.0,0,0.0,,,,0.0003,0.00031,0.00042,1.01766,1.0177998080101744,1.0178,1.01753,-1.0,5.869918699187386,1.0178277562986005,0.1404958677685927
2022-07-08 18:58:00,1.01758,1.01768,1.01751,1.01764,78.0,0,0.0,,,,0.00029,0.0003,0.00042,1.0176,1.0177299040050871,1.0177299040050871,1.01751,-1.0,5.7967479674801226,1.0178252304035769,0.0889830508474279
2022-07-08 18:59:00,1.01765,1.01788,1.01763,1.01782,77.0,0,0.0,,,,0.00029,0.0003,0.00042,1.01774,1.0176649520025438,1.01788,1.01763,1.0,5.577235772358149,1.0178251743505464,0.147321428571458
2022-07-08 19:00:00,1.01784,1.01787,1.01763,1.01764,105.0,0,0.0,,,,0.00028,0.00029,0.00042,1.01775,1.017702476001272,1.01787,1.01763,1.0,5.593495934959884,1.0178232550928348,0.195652173913034
2022-07-08 19:01:00,1.01765,1.0177,1.01743,1.01747,120.0,0,0.0,,,,0.00028,0.00029,0.00042,1.01756,1.017726238000636,1.017726238000636,1.01743,-1.0,5.682926829268883,1.0178185588952249,0.2094017094017144
2022-07-08 19:02:00,1.01748,1.01753,1.01712,1.01714,120.0,0,0.0,,,,0.00029,0.00029,0.00042,1.01732,1.017643119000318,1.017643119000318,1.01712,-1.0,4.858108108108222,1.0178055920309048,0.2977412731006559
2022-07-08 19:03:00,1.01716,1.01727,1.0171,1.0171,86.0,0,0.0,,,,0.00028,0.00028,0.00041,1.01716,1.0174815595001592,1.0174815595001592,1.0171,-1.0,4.799999999999586,1.0177857178580616,0.2800000000000224
2022-07-08 19:04:00,1.01711,1.01718,1.01701,1.01713,67.0,0,0.0,,,,0.00028,0.00028,0.00041,1.01711,1.0173207797500796,1.0173207797500796,1.01701,-1.0,4.440251572326861,1.0177691391026105,0.245119305856801
2022-07-08 19:05:00,1.01713,1.01719,1.01695,1.01718,64.0,0,0.0,,,,0.00027,0.00028,0.00041,1.01711,1.0172153898750398,1.0172153898750398,1.01695,-1.0,4.15757575757572,1.017752572876774,0.1576470588235222
2022-07-08 19:06:00,1.01718,1.01722,1.01708,1.01719,63.0,0,0.0,,,,0.00026,0.00028,0.00041,1.01717,1.01716269493752,1.01722,1.01708,-1.0,4.030303030302961,1.0177376671136333,0.2058823529411716
2022-07-08 19:07:00,1.01719,1.0172,1.01701,1.01716,38.0,0,0.0,,,,0.00026,0.00027,0.00041,1.01714,1.01716634746876,1.0172,1.01701,-1.0,3.872727272727376,1.017725656425299,0.3387096774193904
2022-07-08 19:08:00,1.01716,1.01733,1.01714,1.01729,79.0,0,0.0,,,,0.00025,0.00026,0.00041,1.01723,1.01715317373438,1.01733,1.01714,1.0,3.787878787878869,1.0177194979393471,0.3532608695652692
2022-07-08 19:09:00,1.0173,1.01748,1.01723,1.01742,91.0,0,0.0,,,,0.00025,0.00026,0.00041,1.01736,1.01719158686719,1.01748,1.01719158686719,1.0,4.26573426573398,1.0177166646327225,0.2413793103448495
2022-07-08 19:10:00,1.01743,1.0175,1.01737,1.01737,65.0,0,0.0,,,,0.00024,0.00025,0.00041,1.01742,1.017275793433595,1.0175,1.017275793433595,1.0,4.374100719424195,1.0177135541141127,0.2556818181818407
2022-07-08 19:11:00,1.01736,1.01751,1.01718,1.01721,85.0,0,0.0,,,,0.00025,0.00025,0.0004,1.01731,1.0173478967167977,1.01751,1.01718,1.0,4.547445255474525,1.0177052935338682,0.3093922651934145
2022-07-08 19:12:00,1.01724,1.01731,1.01717,1.01728,58.0,0,0.0,,,,0.00024,0.00025,0.0004,1.01725,1.0173289483583987,1.0173289483583987,1.01717,-1.0,5.466666666666343,1.017699507611206,0.1483870967742508
2022-07-08 19:13:00,1.01728,1.0173,1.01714,1.01722,37.0,0,0.0,,,,0.00024,0.00024,0.0004,1.01723,1.0172894741791991,1.0173,1.01714,-1.0,5.238095238095108,1.0176938088185525,0.0537634408602561
2022-07-08 19:14:00,1.01721,1.01721,1.01686,1.01693,76.0,0,0.0,,,,0.00025,0.00024,0.0004,1.01705,1.0172597370895995,1.0172597370895995,1.01686,-1.0,4.868421052631682,1.0176823993630837,0.1891891891892378
2022-07-08 19:15:00,1.01694,1.01709,1.01688,1.01694,103.0,0,0.0,,,,0.00024,0.00024,0.0004,1.01696,1.0171548685447998,1.0171548685447998,1.01688,-1.0,4.78947368421069,1.0176651188896972,0.2846715328467201
2022-07-08 19:16:00,1.01694,1.017,1.01685,1.017,63.0,0,0.0,,,,0.00024,0.00024,0.0004,1.01695,1.0170574342724,1.0170574342724,1.01685,-1.0,4.678260869565036,1.0176462603728726,0.2800000000000775
2022-07-08 19:17:00,1.01699,1.017,1.01686,1.01693,42.0,0,0.0,,,,0.00023,0.00024,0.0004,1.01695,1.0170037171362,1.0170037171362,1.01686,-1.0,4.539130434782287,1.0176245098705021,0.4131274131274826
2022-07-08 19:18:00,1.01693,1.01705,1.0169,1.01698,64.0,0,0.0,,,,0.00022,0.00024,0.0004,1.01696,1.0169768585681,1.01705,1.0169,-1.0,4.630630630630593,1.0176090724905986,0.3441295546558813
2022-07-08 19:19:00,1.01698,1.01698,1.01683,1.01688,59.0,0,0.0,,,,0.00022,0.00023,0.00039,1.01692,1.01696842928405,1.01698,1.01683,-1.0,4.885714285714171,1.0175854135078066,0.3803921568627041
2022-07-08 19:20:00,1.01687,1.01706,1.01675,1.01687,100.0,0,0.0,,,,0.00022,0.00023,0.00039,1.01689,1.0169442146420251,1.01706,1.01675,1.0,4.584070796460739,1.0175674175370248,0.3524590163934448
2022-07-08 19:21:00,1.01687,1.01687,1.01669,1.01673,36.0,0,0.0,,,,0.00022,0.00022,0.00039,1.01679,1.0169171073210126,1.0169171073210126,1.01669,-1.0,4.277310924370305,1.0175403991567338,0.3471074380165562
2022-07-08 19:22:00,1.01672,1.01673,1.01652,1.01654,54.0,0,0.0,,,,0.00022,0.00022,0.00039,1.01663,1.0168535536605063,1.0168535536605063,1.01652,-1.0,3.7720588235296817,1.017494471080653,0.4330708661417364
2022-07-08 19:23:00,1.01654,1.01662,1.01652,1.01655,55.0,0,0.0,,,,0.00021,0.00022,0.00039,1.01656,1.0167417768302531,1.0167417768302531,1.01652,-1.0,3.688888888888816,1.017456033771207,0.5358649789028073
2022-07-08 19:24:00,1.01655,1.01665,1.01654,1.01662,36.0,0,0.0,,,,0.0002,0.00021,0.00039,1.01659,1.0166508884151266,1.0166508884151266,1.01654,-1.0,4.110169491525396,1.017428143072692,0.451327433628209
2022-07-08 19:25:00,1.01661,1.01663,1.01648,1.01652,58.0,0,0.0,,,,0.0002,0.00021,0.00039,1.01656,1.0166204442075633,1.01663,1.01648,-1.0,4.504761904761619,1.0173789939998004,0.4337899543377875
2022-07-08 19:26:00,1.01653,1.01655,1.01649,1.01651,48.0,0,0.0,,,,0.00019,0.0002,0.00039,1.01652,1.0165902221037817,1.0165902221037817,1.01649,-1.0,4.252427184466413,1.0173289852369085,0.3368983957217892
2022-07-08 19:27:00,1.0165,1.01659,1.01613,1.01617,80.0,0,0.0,,,,0.00021,0.0002,0.00038,1.01635,1.016555111051891,1.01659,1.01613,-1.0,3.384057971014613,1.0172538177842883,0.4285714285712824
2022-07-08 19:28:00,1.01617,1.01647,1.01615,1.01624,113.0,0,0.0,,,,0.00022,0.0002,0.00038,1.01626,1.0164525555259454,1.01647,1.01615,-1.0,3.492753623188438,1.0171839989188554,0.4027149321266741
2022-07-08 19:29:00,1.01625,1.01629,1.01609,1.01615,76.0,0,0.0,,,,0.00022,0.00021,0.00038,1.0162,1.0163562777629729,1.0163562777629729,1.01609,-1.0,3.3661971830984947,1.017114942726886,0.457777777777655
2022-07-08 19:30:00,1.01615,1.0162,1.01595,1.01596,114.0,0,0.0,,,,0.00022,0.00021,0.00038,1.01606,1.0162781388814863,1.0162781388814863,1.01595,-1.0,3.1346153846152696,1.0170371212463476,0.5061728395061209
2022-07-08 19:31:00,1.01595,1.01611,1.01586,1.01611,57.0,0,0.0,,,,0.00022,0.00022,0.00038,1.01601,1.016169069440743,1.016169069440743,1.01586,-1.0,3.0,1.0169931840295705,0.411764705882271
2022-07-08 19:32:00,1.0161,1.01624,1.01605,1.01619,52.0,0,0.0,,,,0.00022,0.00022,0.00038,1.01614,1.0160895347203716,1.01624,1.01605,-1.0,3.0,1.0169511005045504,0.4399999999999716
2022-07-08 19:33:00,1.01617,1.01621,1.01603,1.01608,67.0,0,0.0,,,,0.00022,0.00022,0.00038,1.01612,1.0161147673601858,1.01621,1.01603,-1.0,2.957575757575881,1.0168815159736198,0.5403225806450631
2022-07-08 19:34:00,1.01607,1.0161,1.01602,1.0161,42.0,0,0.0,,,,0.00021,0.00022,0.00038,1.01607,1.016117383680093,1.016117383680093,1.01602,-1.0,2.9272727272729204,1.0168101763662625,0.5183673469387577
2022-07-08 19:35:00,1.01609,1.01635,1.01603,1.01635,72.0,0,0.0,,,,0.00021,0.00022,0.00037,1.01621,1.0160936918400465,1.01635,1.01603,1.0,3.3241379310347794,1.01678161652943,0.3385826771652717
2022-07-08 19:36:00,1.01635,1.01643,1.01629,1.01641,59.0,0,0.0,,,,0.00021,0.00021,0.00037,1.01637,1.0161518459200232,1.01643,1.0161518459200232,1.0,3.347222222222158,1.0167596982083957,0.3438735177865127
2022-07-08 19:37:00,1.01642,1.01655,1.01639,1.01641,78.0,0,0.0,,,,0.00021,0.00021,0.00037,1.01644,1.0162609229600117,1.01655,1.0162609229600117,1.0,3.570370370370669,1.016737774007492,0.3279352226720298
2022-07-08 19:38:00,1.0164,1.01641,1.01609,1.01617,85.0,0,0.0,,,,0.00021,0.00021,0.00037,1.01627,1.016350461480006,1.01641,1.01609,1.0,3.894308943089648,1.0167088850609203,0.314049586776795
2022-07-08 19:39:00,1.01616,1.01629,1.01616,1.01617,78.0,0,0.0,,,,0.00021,0.00021,0.00037,1.01619,1.016310230740003,1.016310230740003,1.01616,1.0,3.9250000000000695,1.0166882055477218,0.3195020746887676
2022-07-08 19:40:00,1.01617,1.01624,1.01598,1.01608,66.0,0,0.0,,,,0.00021,0.00021,0.00037,1.01612,1.0162501153700014,1.0162501153700014,1.01598,-1.0,4.016666666666775,1.0166588400045735,0.3770491803277913
2022-07-08 19:41:00,1.01607,1.01623,1.01602,1.01618,83.0,0,0.0,,,,0.00021,0.00021,0.00037,1.01613,1.016185057685001,1.01623,1.01602,-1.0,4.0750000000003,1.0166316778230773,0.3036437246962813
2022-07-08 19:42:00,1.01614,1.01626,1.01611,1.01623,64.0,0,0.0,,,,0.00021,0.00021,0.00037,1.01619,1.0161575288425002,1.01626,1.01611,-1.0,4.075000000000116,1.016608892663464,0.3036437246963985
2022-07-08 19:43:00,1.01622,1.01622,1.01612,1.01616,82.0,0,0.0,,,,0.0002,0.00021,0.00037,1.01618,1.01617376442125,1.01622,1.01612,-1.0,4.033333333333364,1.0165740986777811,0.295081967213164
2022-07-08 19:44:00,1.01615,1.01628,1.0161,1.01624,77.0,0,0.0,,,,0.0002,0.00021,0.00036,1.01619,1.0161768822106252,1.01628,1.0161,1.0,4.663366336634301,1.0165527785210364,0.2509960159362395
2022-07-08 19:45:00,1.01623,1.01627,1.01616,1.01624,54.0,0,0.0,,,,0.00019,0.0002,0.00036,1.01622,1.0161834411053126,1.01627,1.01616,1.0,5.333333333334524,1.0165323232299028,0.2067510548522906
2022-07-08 19:46:00,1.01624,1.01627,1.01618,1.01626,91.0,0,0.0,,,,0.00019,0.0002,0.00036,1.01624,1.0162017205526563,1.01627,1.01618,1.0,5.72151898734222,1.0165162934662755,0.1272727272727676
2022-07-08 19:47:00,1.01626,1.01638,1.01625,1.01638,69.0,0,0.0,,,,0.00018,0.00019,0.00036,1.01632,1.016220860276328,1.01638,1.016220860276328,1.0,5.759493670886489,1.0165102907750194,0.073593073593081
2022-07-08 19:48:00,1.01639,1.01645,1.01624,1.0163,42.0,0,0.0,,,,0.00018,0.00019,0.00036,1.01635,1.016270430138164,1.01645,1.01624,1.0,6.038961038962451,1.016499373158025,0.1379310344828081
2022-07-08 19:49:00,1.0163,1.01648,1.0163,1.01647,54.0,0,0.0,,,,0.00018,0.00018,0.00036,1.01639,1.016310215069082,1.01648,1.0163,1.0,6.410958904109781,1.016497827344015,0.0209205020920953
2022-07-08 19:50:00,1.01648,1.01648,1.01628,1.01639,48.0,0,0.0,,,,0.00018,0.00018,0.00036,1.01641,1.016350107534541,1.01648,1.01628,1.0,6.602739726027293,1.0164925917779006,0.0487804878049286
2022-07-08 19:51:00,1.01639,1.01641,1.0163,1.01637,33.0,0,0.0,,,,0.00018,0.00018,0.00036,1.01637,1.0163800537672705,1.01641,1.0163,1.0,6.478260869565399,1.0164873870870366,0.0934579439252317
2022-07-08 19:52:00,1.01637,1.01662,1.01637,1.01661,44.0,0,0.0,,,,0.00018,0.00018,0.00035,1.01649,1.0163750268836351,1.01662,1.01637,1.0,5.789473684210926,1.0164895902196984,0.1601731601731651
2022-07-08 19:53:00,1.01661,1.01677,1.01659,1.01673,63.0,0,0.0,,,,0.00018,0.00018,0.00035,1.01667,1.0164325134418175,1.01677,1.0164325134418175,1.0,4.813186813187778,1.0164926179941707,0.2478632478631862
2022-07-08 19:54:00,1.0167,1.01684,1.01652,1.01684,98.0,0,0.0,,,,0.00019,0.00018,0.00035,1.01673,1.0165512567209087,1.01684,1.01652,1.0,4.54081632653122,1.0164961812430866,0.3893805309734983
2022-07-08 19:55:00,1.01683,1.01705,1.01683,1.0169,78.0,0,0.0,,,,0.0002,0.00019,0.00035,1.0169,1.0166406283604543,1.01705,1.0166406283604543,1.0,4.130841121496196,1.0165002143238746,0.3640552995391733
2022-07-08 19:56:00,1.01689,1.01699,1.01689,1.01693,39.0,0,0.0,,,,0.00019,0.00019,0.00035,1.01693,1.0167703141802271,1.01699,1.0167703141802271,1.0,4.046728971963343,1.0165042806444826,0.3490566037736204
2022-07-08 19:57:00,1.01692,1.01694,1.01681,1.01681,47.0,0,0.0,,,,0.00018,0.00019,0.00035,1.01687,1.0168501570901136,1.01694,1.01681,1.0,4.000000000000623,1.0165078328220394,0.3427230046948288
2022-07-08 19:58:00,1.0168,1.01682,1.01678,1.01681,34.0,0,0.0,,,,0.00017,0.00019,0.00035,1.0168,1.0168600785450568,1.0168600785450568,1.01678,-1.0,3.962616822430488,1.016512591529976,0.3364928909952816
2022-07-08 19:59:00,1.01682,1.01683,1.01658,1.01674,94.0,0,0.0,,,,0.00018,0.00018,0.00035,1.01674,1.0168300392725285,1.0168300392725285,1.01658,-1.0,3.897196261682598,1.0165178461343882,0.2020725388600714
2022-07-08 20:00:00,1.01675,1.01692,1.01672,1.01686,73.0,0,0.0,,,,0.00018,0.00018,0.00035,1.01681,1.0167850196362642,1.01692,1.01672,-1.0,3.9532710280376953,1.0165235547640432,0.2261306532663697
2022-07-08 20:01:00,1.01687,1.01687,1.01645,1.0165,57.0,0,0.0,,,,0.0002,0.00018,0.00034,1.01667,1.016797509818132,1.01687,1.01645,-1.0,4.1962616822430485,1.0165230185082201,0.0382978723403917
2022-07-08 20:02:00,1.01651,1.01652,1.01643,1.01648,56.0,0,0.0,,,,0.00019,0.00018,0.00034,1.01648,1.016733754909066,1.016733754909066,1.01643,-1.0,3.981308411215037,1.0165218779824583,0.145539906103304
2022-07-08 20:03:00,1.01649,1.01658,1.01645,1.01646,55.0,0,0.0,,,,0.00019,0.00019,0.00034,1.01649,1.016606877454533,1.016606877454533,1.01645,-1.0,3.981308411215037,1.0165203199436497,0.1348837209301806
2022-07-08 20:04:00,1.01645,1.01652,1.01639,1.01642,68.0,0,0.0,,,,0.00018,0.00019,0.00034,1.01645,1.0165484387272663,1.0165484387272663,1.01639,-1.0,4.0097087378637095,1.0165185948955295,0.1619047619047659
2022-07-08 20:05:00,1.01643,1.01662,1.01643,1.01659,42.0,0,0.0,,,,0.00018,0.00019,0.00034,1.01652,1.016499219363633,1.01662,1.01643,1.0,4.326315789473716,1.016519438581866,0.188940092165908
2022-07-08 20:06:00,1.0166,1.01686,1.0166,1.01684,84.0,0,0.0,,,,0.00019,0.00019,0.00034,1.01672,1.0165096096818167,1.01686,1.0165096096818167,1.0,4.442105263158217,1.0165216972514206,0.2573839662447273
2022-07-08 20:07:00,1.01685,1.01688,1.0168,1.01681,50.0,0,0.0,,,,0.00018,0.00018,0.00034,1.01683,1.0166148048409085,1.01688,1.0166148048409085,1.0,4.421052631579365,1.0165235057953332,0.2789699570815688
2022-07-08 20:08:00,1.01682,1.01682,1.01668,1.01675,46.0,0,0.0,,,,0.00018,0.00018,0.00034,1.01677,1.016722402420454,1.01682,1.01668,1.0,4.674157303370918,1.0165254482788317,0.2207792207792432
2022-07-08 20:09:00,1.01675,1.01692,1.01674,1.01692,41.0,0,0.0,,,,0.00018,0.00018,0.00034,1.01683,1.016746201210227,1.01692,1.01674,1.0,4.862068965518112,1.0165273449327945,0.2741935483871228
2022-07-08 20:10:00,1.01691,1.01711,1.01691,1.01706,55.0,0,0.0,,,,0.00018,0.00018,0.00033,1.017,1.0167881006051136,1.01711,1.0167881006051136,1.0,4.988505747127381,1.0165313597485948,0.3076923076923668
2022-07-08 20:11:00,1.01706,1.01716,1.01702,1.01715,68.0,0,0.0,,,,0.00018,0.00018,0.00033,1.0171,1.0168940503025568,1.01716,1.0168940503025568,1.0,4.728260869565619,1.0165394420003018,0.2996108949416403
2022-07-08 20:12:00,1.01715,1.01726,1.01715,1.01715,39.0,0,0.0,,,,0.00017,0.00018,0.00033,1.01718,1.0169970251512783,1.01726,1.0169970251512783,1.0,4.336734693878178,1.0165513459411755,0.3413654618474432
2022-07-08 20:13:00,1.01713,1.0172,1.01706,1.01717,68.0,0,0.0,,,,0.00017,0.00018,0.00033,1.01714,1.017088512575639,1.0172,1.01706,1.0,4.295918367347523,1.0165635942699898,0.2991452991453218
2022-07-08 20:14:00,1.01717,1.01717,1.01703,1.01712,60.0,0,0.0,,,,0.00017,0.00017,0.00033,1.01712,1.0171142562878197,1.01717,1.01703,1.0,4.322916666666677,1.01657245750105,0.3160173160174541
2022-07-08 20:15:00,1.01713,1.01721,1.01711,1.01712,55.0,0,0.0,,,,0.00016,0.00017,0.00033,1.01714,1.0171171281439098,1.01721,1.01711,1.0,4.651685393258413,1.0165832046520582,0.3275109170306574
2022-07-08 20:16:00,1.01711,1.01713,1.01704,1.01713,53.0,0,0.0,,,,0.00016,0.00017,0.00033,1.0171,1.017128564071955,1.01713,1.01704,1.0,4.574712643677745,1.016594326619936,0.2524271844661167
2022-07-08 20:17:00,1.01712,1.01725,1.01704,1.01724,62.0,0,0.0,,,,0.00016,0.00016,0.00033,1.01716,1.0171142820359775,1.01725,1.01704,1.0,4.609195402298654,1.0166217585494288,0.2487804878049509
2022-07-08 20:18:00,1.01723,1.01723,1.01705,1.01705,33.0,0,0.0,,,,0.00016,0.00016,0.00033,1.01714,1.0171371410179888,1.01723,1.01705,1.0,4.448275862069019,1.016633983425299,0.0985915492958275
2022-07-08 20:19:00,1.01704,1.01705,1.01689,1.01695,42.0,0,0.0,,,,0.00016,0.00016,0.00032,1.01698,1.0171385705089944,1.0171385705089944,1.01689,-1.0,4.379310344827454,1.0166428441447508,0.0230414746544335
2022-07-08 20:20:00,1.01696,1.01697,1.01683,1.01687,68.0,0,0.0,,,,0.00016,0.00016,0.00032,1.01691,1.017059285254497,1.017059285254497,1.01683,-1.0,4.425287356321745,1.0166505698148118,0.0270270270270108
2022-07-08 20:21:00,1.01686,1.0169,1.01678,1.01687,73.0,0,0.0,,,,0.00016,0.00016,0.00032,1.01685,1.0169846426272486,1.0169846426272486,1.01678,-1.0,4.413793103448109,1.0166567669445976,0.0285714285714104
2022-07-08 20:22:00,1.01687,1.01689,1.01679,1.01679,42.0,0,0.0,,,,0.00015,0.00016,0.00032,1.01684,1.0169173213136244,1.0169173213136244,1.01679,-1.0,4.482758620689418,1.0166596169093947,0.0091743119265662
2022-07-08 20:23:00,1.01681,1.01681,1.01675,1.01675,35.0,0,0.0,,,,0.00015,0.00016,0.00032,1.01678,1.016878660656812,1.016878660656812,1.01675,-1.0,4.264367816091855,1.0166618521799962,0.0046511627907293
2022-07-08 20:24:00,1.01676,1.01685,1.01666,1.0167,58.0,0,0.0,,,,0.00015,0.00015,0.00032,1.01674,1.016829330328406,1.01685,1.01666,-1.0,4.252873563218473,1.016662676544323,0.0769230769231754
2022-07-08 20:25:00,1.01671,1.01675,1.01669,1.01672,43.0,0,0.0,,,,0.00014,0.00015,0.00032,1.01672,1.016784665164203,1.016784665164203,1.01669,-1.0,3.839080459770365,1.016663477449009,0.126436781609301
2022-07-08 20:26:00,1.01671,1.01674,1.01665,1.01673,59.0,0,0.0,,,,0.00014,0.00015,0.00032,1.01671,1.0167523325821015,1.0167523325821015,1.01665,-1.0,3.839080459770109,1.0166643046704762,0.144508670520206
2022-07-08 20:27:00,1.01674,1.01674,1.01667,1.01673,46.0,0,0.0,,,,0.00014,0.00014,0.00032,1.01672,1.0167311662910508,1.01674,1.01667,-1.0,3.7701149425288,1.016665121605276,0.1578947368421736
2022-07-08 20:28:00,1.01673,1.01693,1.01669,1.01687,70.0,0,0.0,,,,0.00014,0.00014,0.00031,1.0168,1.0167255831455253,1.01693,1.01669,1.0,4.084337349397329,1.0166710351030745,0.2486187845303772
2022-07-08 20:29:00,1.01687,1.01687,1.01674,1.01679,45.0,0,0.0,,,,0.00014,0.00014,0.00031,1.01682,1.0167627915727626,1.01687,1.01674,1.0,5.045454545453826,1.0166739309528106,0.1162790697674778
2022-07-08 20:30:00,1.0168,1.01688,1.01676,1.01679,59.0,0,0.0,,,,0.00014,0.00014,0.00031,1.01681,1.0167913957863814,1.01688,1.01676,1.0,5.229508196720995,1.016677351405561,0.0340136054421111
2022-07-08 20:31:00,1.01679,1.01686,1.01676,1.0168,28.0,0,0.0,,,,0.00014,0.00014,0.00031,1.0168,1.0168006978931907,1.01686,1.01676,1.0,5.262295081966748,1.016680500739226,0.0068965517241865
2022-07-08 20:32:00,1.0168,1.01682,1.01672,1.01682,39.0,0,0.0,,,,0.00013,0.00014,0.00031,1.01679,1.016800348946595,1.01682,1.01672,-1.0,5.196721311474879,1.0166839093980522,0.049645390070951
2022-07-08 20:33:00,1.01681,1.01681,1.01675,1.01677,44.0,0,0.0,,,,0.00013,0.00014,0.00031,1.01679,1.0167951744732977,1.01681,1.01675,-1.0,4.999999999999272,1.0166861111636196,0.1162790697675539
2022-07-08 20:34:00,1.01678,1.01678,1.01668,1.01668,19.0,0,0.0,,,,0.00013,0.00013,0.00031,1.01673,1.0167925872366488,1.0167925872366488,1.01668,-1.0,4.8360655737697815,1.0166860028110543,0.3064516129033962
2022-07-08 20:35:00,1.01669,1.01674,1.01669,1.01672,42.0,0,0.0,,,,0.00012,0.00013,0.00031,1.01671,1.0167612936183243,1.0167612936183243,1.01669,-1.0,4.688524590162985,1.0166866561498322,0.361344537815195
2022-07-08 20:36:00,1.01672,1.01673,1.01654,1.01656,41.0,0,0.0,,,,0.00013,0.00013,0.00031,1.01664,1.0167356468091622,1.0167356468091622,1.01654,-1.0,4.140845070421584,1.0166851449831882,0.4370370370371881
2022-07-08 20:37:00,1.01657,1.01657,1.01636,1.01637,50.0,0,0.0,,,,0.00013,0.00013,0.0003,1.01647,1.016687823404581,1.016687823404581,1.01636,-1.0,3.3820224719090977,1.0166837729929492,0.5263157894737149
2022-07-08 20:38:00,1.01636,1.01651,1.01636,1.0164,59.0,0,0.0,,,,0.00013,0.00013,0.0003,1.01641,1.0165789117022903,1.0165789117022903,1.01636,-1.0,3.3932584269656,1.0166819863543415,0.4800000000000888
2022-07-08 20:39:00,1.0164,1.01653,1.0164,1.01653,51.0,0,0.0,,,,0.00013,0.00013,0.0003,1.01646,1.0164944558511453,1.01653,1.0164,-1.0,3.426966292134108,1.016681165208966,0.3619631901841493
2022-07-08 20:40:00,1.01654,1.01663,1.01653,1.01656,56.0,0,0.0,,,,0.00013,0.00013,0.0003,1.01656,1.0164772279255727,1.01663,1.0164772279255727,1.0,3.4382022471901115,1.0166801771969738,0.3454545454547167
2022-07-08 20:41:00,1.01655,1.0168,1.01655,1.01678,40.0,0,0.0,,,,0.00014,0.00013,0.0003,1.01667,1.0165186139627864,1.0168,1.0165186139627864,1.0,3.5632183908030868,1.0166817051578736,0.2613636363635847
2022-07-08 20:42:00,1.01678,1.0168,1.01675,1.01677,24.0,0,0.0,,,,0.00013,0.00013,0.0003,1.01677,1.0165943069813932,1.0168,1.0165943069813932,1.0,4.304347826085054,1.0166824040532925,0.177215189873439
2022-07-08 20:43:00,1.01676,1.01677,1.0167,1.01671,26.0,0,0.0,,,,0.00013,0.00013,0.0003,1.01673,1.0166821534906965,1.01677,1.0166821534906965,1.0,4.721311475408374,1.0166825302347682,0.1558441558441577
2022-07-08 20:44:00,1.01671,1.01671,1.01664,1.01664,19.0,0,0.0,,,,0.00013,0.00013,0.0003,1.01667,1.0167060767453482,1.01671,1.01664,1.0,4.929824561402265,1.016682139270609,0.1503267973855867
2022-07-08 20:45:00,1.01664,1.01664,1.0165,1.01652,40.0,0,0.0,,,,0.00013,0.00013,0.0003,1.01658,1.0166880383726742,1.0166880383726742,1.0165,-1.0,4.964912280700743,1.016679678792912,0.2121212121211305
2022-07-08 20:46:00,1.01652,1.01657,1.01652,1.01654,35.0,0,0.0,,,,0.00012,0.00013,0.00029,1.01654,1.0166340191863372,1.0166340191863372,1.01652,-1.0,4.877192982454938,1.0166775002915958,0.1572327044025701
2022-07-08 20:47:00,1.01653,1.01672,1.01653,1.01666,27.0,0,0.0,,,,0.00013,0.00013,0.00029,1.01661,1.0165870095931686,1.01672,1.01653,1.0,5.105263157893876,1.0166773655833967,0.0538922155689546
2022-07-08 20:48:00,1.01667,1.01671,1.0166,1.01671,31.0,0,0.0,,,,0.00012,0.00013,0.00029,1.01667,1.0165985047965842,1.01671,1.0165985047965842,1.0,4.964912280700743,1.0166775733961753,0.0059880239521356
2022-07-08 20:49:00,1.01671,1.01675,1.01665,1.01666,27.0,0,0.0,,,,0.00012,0.00012,0.00029,1.01669,1.016634252398292,1.01675,1.016634252398292,1.0,5.03508771929731,1.0166774697307983,0.0352941176471633
2022-07-08 20:50:00,1.01667,1.01676,1.01666,1.01671,26.0,0,0.0,,,,0.00012,0.00012,0.00029,1.0167,1.016662126199146,1.01676,1.01666,1.0,5.052631578946938,1.0166777215109024,0.0114942528735104
2022-07-08 20:51:00,1.01672,1.01676,1.01669,1.01673,39.0,0,0.0,,,,0.00012,0.00012,0.00029,1.01673,1.0166810630995728,1.01676,1.0166810630995728,1.0,5.052631578946938,1.0166782866646,0.0
2022-07-08 20:52:00,1.01674,1.01677,1.01673,1.01675,19.0,0,0.0,,,,0.00011,0.00012,0.00029,1.01675,1.0167055315497864,1.01677,1.0167055315497864,1.0,5.153846153845004,1.0166791676260756,0.073170731707251
2022-07-08 20:53:00,1.01676,1.01679,1.01665,1.01665,30.0,0,0.0,,,,0.00011,0.00012,0.00029,1.01671,1.0167277657748932,1.01679,1.01665,1.0,5.173076923075897,1.016678896657849,0.0843373493975968
2022-07-08 20:54:00,1.01664,1.01664,1.01655,1.01655,26.0,0,0.0,,,,0.00011,0.00011,0.00029,1.0166,1.0167188828874467,1.0167188828874467,1.01655,-1.0,5.319999999997993,1.016677944167452,0.1363636363636306
2022-07-08 20:55:00,1.01656,1.01656,1.01651,1.01652,8.0,0,0.0,,,,0.00011,0.00011,0.00028,1.01654,1.016659441443723,1.016659441443723,1.01651,-1.0,5.673913043476214,1.0166770192385914,0.1573033707863949
2022-07-08 20:56:00,1.01652,1.01652,1.01643,1.01643,27.0,0,0.0,,,,0.00011,0.00011,0.00028,1.01648,1.0165997207218616,1.0165997207218616,1.01643,-1.0,5.777777777776846,1.0166723005282547,0.2108108108108315
2022-07-08 20:57:00,1.01643,1.01653,1.01642,1.01651,18.0,0,0.0,,,,0.00011,0.00011,0.00028,1.01647,1.0165398603609308,1.0165398603609308,1.01642,-1.0,6.022727272726917,1.0166700541541613,0.1382978723403627
2022-07-08 20:58:00,1.0165,1.01656,1.01648,1.01648,31.0,0,0.0,,,,0.00011,0.00011,0.00028,1.0165,1.0165049301804654,1.01656,1.01648,-1.0,5.977272727272074,1.016667637665519,0.109890109890075
2022-07-08 20:59:00,1.01648,1.01657,1.01648,1.01655,25.0,0,0.0,,,,0.0001,0.00011,0.00028,1.01652,1.0165024650902326,1.01657,1.01648,1.0,6.068181818181256,1.0166655677301624,0.0918918918918763
2022-07-08 21:00:00,1.01657,1.01661,1.01653,1.01658,34.0,0,0.0,,,,0.0001,0.00011,0.00028,1.01657,1.0165112325451164,1.01661,1.0165112325451164,1.0,5.8181818181816345,1.016663485833508,0.0116279069768192
2022-07-08 21:01:00,1.01658,1.01668,1.01658,1.01668,25.0,0,0.0,,,,0.0001,0.0001,0.00028,1.01663,1.0165406162725583,1.01668,1.0165406162725583,1.0,5.568181818181508,1.016663876436233,0.1901840490797462
2022-07-08 21:02:00,1.01668,1.0167,1.01662,1.01663,33.0,0,0.0,,,,0.0001,0.0001,0.00028,1.01666,1.0165853081362792,1.0167,1.0165853081362792,1.0,5.949999999999667,1.0166629900390949,0.139393939393879
2022-07-08 21:03:00,1.01663,1.01672,1.01663,1.01669,20.0,0,0.0,,,,0.0001,0.0001,0.00028,1.01667,1.0166226540681396,1.01672,1.0166226540681396,1.0,6.157894736844381,1.0166636237734927,0.1012658227848741
2022-07-08 21:04:00,1.01669,1.01675,1.01666,1.01666,27.0,0,0.0,,,,0.0001,0.0001,0.00027,1.01669,1.0166463270340698,1.01675,1.0166463270340698,1.0,6.131578947371096,1.0166635422313732,0.0632911392404672
2022-07-08 21:05:00,1.01667,1.0168,1.01662,1.01677,22.0,0,0.0,,,,0.00011,0.0001,0.00027,1.01672,1.016668163517035,1.0168,1.01662,1.0,5.9473684210551845,1.0166652708646196,0.0068027210884764
2022-07-08 21:06:00,1.01678,1.01682,1.01677,1.01679,20.0,0,0.0,,,,0.0001,0.0001,0.00027,1.01679,1.0166940817585175,1.01682,1.0166940817585175,1.0,5.650000000001,1.016667233752954,0.0135135135135946
2022-07-08 21:07:00,1.01679,1.01685,1.01678,1.01684,19.0,0,0.0,,,,0.0001,0.0001,0.00027,1.01682,1.016742040879259,1.01685,1.016742040879259,1.0,5.255813953489573,1.0166705003083258,0.0884353741495899
2022-07-08 21:08:00,1.01685,1.01685,1.01675,1.01685,18.0,0,0.0,,,,0.0001,0.0001,0.00027,1.01683,1.0167810204396297,1.01685,1.01675,1.0,5.32558139534999,1.0166724088946173,0.1489361702127123
2022-07-08 21:09:00,1.01685,1.0169,1.01684,1.0169,14.0,0,0.0,,,,0.0001,0.0001,0.00027,1.01687,1.0168055102198146,1.0169,1.0168055102198146,1.0,4.604166666668546,1.0166736660917917,0.283582089551942
2022-07-08 21:10:00,1.01689,1.01689,1.01683,1.01689,19.0,0,0.0,,,,9e-05,0.0001,0.00027,1.01687,1.0168377551099073,1.01689,1.01683,1.0,4.625000000002486,1.0166746820877153,0.2631578947367542
2022-07-08 21:11:00,1.01689,1.01698,1.01683,1.01696,33.0,0,0.0,,,,0.0001,0.0001,0.00027,1.01692,1.0168538775549536,1.01698,1.01683,1.0,3.892857142858403,1.0166766084696863,0.2343749999999946
2022-07-08 21:12:00,1.01697,1.01704,1.01693,1.01694,38.0,0,0.0,,,,0.0001,0.0001,0.00027,1.01697,1.0168869387774768,1.01704,1.0168869387774768,1.0,3.516129032259428,1.016678961798417,0.1839999999998351
2022-07-08 21:13:00,1.01694,1.01699,1.01693,1.01695,23.0,0,0.0,,,,0.0001,0.0001,0.00027,1.01695,1.0169284693887384,1.01699,1.0169284693887384,1.0,3.451612903227447,1.0166819459500436,0.2396694214875426
2022-07-08 21:14:00,1.01695,1.01695,1.01686,1.01686,13.0,0,0.0,,,,0.0001,0.0001,0.00026,1.01691,1.016939234694369,1.01695,1.01686,1.0,3.4354838709689144,1.0166836012221376,0.1200000000000142
2022-07-08 21:15:00,1.01686,1.01689,1.0168,1.01685,24.0,0,0.0,,,,0.0001,0.0001,0.00026,1.01685,1.0169246173471844,1.0169246173471844,1.0168,-1.0,3.467741935485263,1.0166849647514073,0.0967741935484217
2022-07-08 21:16:00,1.01684,1.0169,1.01677,1.0169,37.0,0,0.0,,,,0.0001,0.0001,0.00026,1.01685,1.016887308673592,1.0169,1.01677,-1.0,3.612903225807757,1.0166870332647702,0.118110236220321
2022-07-08 21:17:00,1.01689,1.0169,1.01685,1.01688,33.0,0,0.0,,,,9e-05,0.0001,0.00026,1.01688,1.016868654336796,1.0169,1.01685,-1.0,3.467741935484905,1.016688736040095,0.1932773109242537
2022-07-08 21:18:00,1.01688,1.01695,1.01685,1.01694,25.0,0,0.0,,,,9e-05,0.0001,0.00026,1.0169,1.016874327168398,1.01695,1.01685,1.0,3.483870967743079,1.0166902888641187,0.3391304347823871
2022-07-08 21:19:00,1.01694,1.01694,1.01683,1.01685,18.0,0,0.0,,,,0.0001,0.0001,0.00026,1.01689,1.016887163584199,1.01694,1.01683,1.0,3.5806451612917667,1.0166912249793005,0.2727272727271392
2022-07-08 21:20:00,1.01685,1.01685,1.01682,1.01683,22.0,0,0.0,,,,9e-05,9e-05,0.00026,1.01684,1.0168885817920996,1.0168885817920996,1.01682,-1.0,3.483870967743079,1.0166919542471458,0.3508771929823058
2022-07-08 21:21:00,1.01683,1.01697,1.01682,1.01697,16.0,0,0.0,,,,0.0001,9e-05,0.00026,1.0169,1.01686429089605,1.01697,1.01682,1.0,3.928571428572533,1.0166945710885829,0.3833333333331544
2022-07-08 21:22:00,1.01697,1.017,1.01692,1.01699,20.0,0,0.0,,,,9e-05,9e-05,0.00026,1.01697,1.016882145448025,1.017,1.016882145448025,1.0,3.928571428572533,1.0166973515324815,0.4285714285712686
2022-07-08 21:23:00,1.01699,1.01699,1.01687,1.01689,28.0,0,0.0,,,,0.0001,0.0001,0.00026,1.01694,1.0169260727240124,1.01699,1.01687,1.0,4.372549019608535,1.016698812934488,0.2786885245900684
2022-07-08 21:24:00,1.01689,1.01689,1.01675,1.01678,39.0,0,0.0,,,,0.0001,0.0001,0.00025,1.01683,1.0169330363620062,1.0169330363620062,1.01675,-1.0,4.978260869567001,1.016699375153179,0.153846153846075
2022-07-08 21:25:00,1.01679,1.01684,1.01676,1.01676,37.0,0,0.0,,,,0.0001,0.0001,0.00025,1.01679,1.0168815181810031,1.0168815181810031,1.01676,-1.0,5.4047619047641575,1.01669968980798,0.065573770491845
2022-07-08 21:26:00,1.01676,1.01685,1.01674,1.01679,15.0,0,0.0,,,,0.0001,0.0001,0.00025,1.01679,1.0168357590905015,1.01685,1.01674,-1.0,5.47619047619322,1.0167007751904245,0.133333333333432
2022-07-08 21:27:00,1.01678,1.01685,1.01677,1.01685,20.0,0,0.0,,,,0.0001,0.0001,0.00025,1.01681,1.016812879545251,1.01685,1.01677,-1.0,5.452380952383533,1.0167047315047333,0.1333333333332716
2022-07-08 21:28:00,1.01684,1.01693,1.01684,1.01687,35.0,0,0.0,,,,0.0001,0.0001,0.00025,1.01687,1.0168114397726251,1.01693,1.0168114397726251,1.0,5.452380952383004,1.0167090211163783,0.1764705882353599
2022-07-08 21:29:00,1.01688,1.01694,1.01687,1.01694,27.0,0,0.0,,,,0.0001,0.0001,0.00025,1.01691,1.0168407198863123,1.01694,1.0168407198863123,1.0,7.266666666668443,1.0167142554626831,0.1478260869565553
2022-07-08 21:30:00,1.01696,1.01706,1.01696,1.01705,18.0,0,0.0,,,,0.0001,0.0001,0.00025,1.01701,1.0168753599431564,1.01706,1.0168753599431564,1.0,6.968749999998417,1.0167233445889285,0.2096774193548329
2022-07-08 21:31:00,1.01705,1.0171,1.01705,1.01709,21.0,0,0.0,,,,9e-05,0.0001,0.00025,1.01707,1.0169426799715782,1.0171,1.0169426799715782,1.0,6.138888888890448,1.0167297239827362,0.2032520325204191
2022-07-08 21:32:00,1.01709,1.01709,1.01698,1.017,25.0,0,0.0,,,,9e-05,0.0001,0.00025,1.01704,1.0170063399857892,1.01709,1.01698,1.0,6.166666666668414,1.0167331819044003,0.1145038167938025
2022-07-08 21:33:00,1.017,1.017,1.01693,1.01693,14.0,0,0.0,,,,9e-05,9e-05,0.00025,1.01696,1.0170231699928944,1.0170231699928944,1.01693,-1.0,6.194444444446381,1.0167355997135699,0.0225563909774235
2022-07-08 21:34:00,1.01694,1.01699,1.01694,1.01696,12.0,0,0.0,,,,9e-05,9e-05,0.00024,1.01696,1.0169915849964473,1.0169915849964473,1.01694,-1.0,6.166666666668414,1.0167395598995856,0.0518518518518469
2022-07-08 21:35:00,1.01697,1.01699,1.01693,1.01696,27.0,0,0.0,,,,9e-05,9e-05,0.00024,1.01696,1.0169757924982237,1.01699,1.01693,-1.0,5.9166666666685686,1.016745391243313,0.0
2022-07-08 21:36:00,1.01697,1.01706,1.01695,1.01706,27.0,0,0.0,,,,9e-05,9e-05,0.00024,1.01701,1.016967896249112,1.01706,1.01695,1.0,5.9166666666685686,1.0167552641782156,0.088235294117719
2022-07-08 21:37:00,1.01707,1.01714,1.01705,1.01714,13.0,0,0.0,,,,9e-05,9e-05,0.00024,1.0171,1.016988948124556,1.01714,1.016988948124556,1.0,5.4000000000004444,1.0167663833514733,0.1328671328670677
2022-07-08 21:38:00,1.01714,1.01726,1.01714,1.01724,50.0,0,0.0,,,,9e-05,9e-05,0.00024,1.01719,1.017044474062278,1.01726,1.017044474062278,1.0,4.211538461538108,1.0167815420853568,0.2638888888887475
2022-07-08 21:39:00,1.01725,1.01727,1.01713,1.01713,36.0,0,0.0,,,,0.0001,9e-05,0.00024,1.01719,1.017117237031139,1.01727,1.017117237031139,1.0,4.226415094339884,1.0167908934362695,0.1818181818182342
2022-07-08 21:40:00,1.01713,1.01713,1.01706,1.01713,21.0,0,0.0,,,,9e-05,9e-05,0.00024,1.01711,1.0171536185155694,1.0171536185155694,1.01706,1.0,4.113207547170151,1.0167990235249567,0.1543624161075005
2022-07-08 21:41:00,1.01711,1.01716,1.01708,1.01713,37.0,0,0.0,,,,9e-05,9e-05,0.00024,1.01712,1.0171318092577848,1.01716,1.01708,1.0,4.169811320755437,1.0168065857700272,0.1700680272109316
2022-07-08 21:42:00,1.01712,1.01727,1.01712,1.01727,13.0,0,0.0,,,,0.0001,9e-05,0.00024,1.0172,1.0171259046288923,1.01727,1.01712,1.0,4.26415094339674,1.0168203733131782,0.212903225806422
2022-07-08 21:43:00,1.01727,1.0174,1.01725,1.01725,23.0,0,0.0,,,,0.0001,0.0001,0.00024,1.01729,1.0171629523144463,1.0174,1.0171629523144463,1.0,3.484848484847884,1.016836315717539,0.2702702702702541
2022-07-08 21:44:00,1.01724,1.01734,1.01723,1.01732,29.0,0,0.0,,,,0.0001,0.0001,0.00024,1.01728,1.0172264761572232,1.01734,1.0172264761572232,1.0,3.60606060605977,1.016862058832515,0.3202614379086029
2022-07-08 21:45:00,1.01732,1.01737,1.01728,1.01728,32.0,0,0.0,,,,0.0001,0.0001,0.00024,1.01731,1.0172532380786117,1.01737,1.0172532380786117,1.0,3.5151515151511075,1.016883776889899,0.2167832167832667
2022-07-08 21:46:00,1.01728,1.01729,1.01709,1.01711,43.0,0,0.0,,,,0.00011,0.0001,0.00023,1.01719,1.0172816190393057,1.01729,1.01709,-1.0,3.696969696969442,1.016893441364722,0.0759493670885577
2022-07-08 21:47:00,1.01711,1.01727,1.01704,1.01727,47.0,0,0.0,,,,0.00012,0.00011,0.00023,1.01717,1.017235809519653,1.01727,1.01704,-1.0,3.863636363635828,1.0169115216782745,0.2317073170731146
2022-07-08 21:48:00,1.01726,1.01739,1.01726,1.01739,58.0,0,0.0,,,,0.00012,0.00011,0.00023,1.01733,1.0172029047598263,1.01739,1.0172029047598263,1.0,3.848484848484216,1.016940049043662,0.3696969696970349
2022-07-08 21:49:00,1.01738,1.01742,1.01738,1.01742,53.0,0,0.0,,,,0.00011,0.00011,0.00023,1.0174,1.0172664523799133,1.01742,1.0172664523799133,1.0,3.676470588235467,1.0169673633894138,0.397590361445767
2022-07-08 21:50:00,1.01741,1.01754,1.01741,1.01751,51.0,0,0.0,,,,0.00011,0.00011,0.00023,1.01747,1.0173332261899568,1.01754,1.0173332261899568,1.0,3.27272727272764,1.017000449420793,0.4186046511627607
2022-07-08 21:51:00,1.01751,1.01759,1.0175,1.0175,42.0,0,0.0,,,,0.00011,0.00011,0.00023,1.01753,1.0174016130949783,1.01759,1.0174016130949783,1.0,3.3733333333331004,1.0170269235935814,0.3892215568863406
2022-07-08 21:52:00,1.0175,1.01777,1.01745,1.01775,54.0,0,0.0,,,,0.00013,0.00012,0.00023,1.01762,1.0174658065474893,1.01777,1.01745,1.0,3.0666666666663542,1.0170822421274437,0.4631578947369429
2022-07-08 21:53:00,1.01775,1.01775,1.01761,1.01763,53.0,0,0.0,,,,0.00013,0.00012,0.00023,1.01768,1.0175429032737446,1.01775,1.0175429032737446,1.0,3.3690476190470524,1.0171135866938472,0.353846153846294
2022-07-08 21:54:00,1.01763,1.01765,1.01746,1.01746,44.0,0,0.0,,,,0.00013,0.00012,0.00023,1.01755,1.0176114516368724,1.01765,1.01746,1.0,3.4761904761897964,1.017128435459608,0.203980099502559
2022-07-08 21:55:00,1.01746,1.01756,1.01739,1.0175,54.0,0,0.0,,,,0.00013,0.00013,0.00023,1.01748,1.0175807258184362,1.0175807258184362,1.01739,-1.0,3.619047619047053,1.0171429019089864,0.203980099502559
2022-07-08 21:56:00,1.0175,1.01756,1.01748,1.01753,50.0,0,0.0,,,,0.00013,0.00013,0.00023,1.01752,1.017530362909218,1.01756,1.01748,-1.0,3.583333333332805,1.0171581898735347,0.2717948717950516
2022-07-08 21:57:00,1.01753,1.01753,1.01736,1.01738,44.0,0,0.0,,,,0.00013,0.00013,0.00023,1.01745,1.0175251814546091,1.01753,1.01736,-1.0,3.702380952380386,1.017163839327668,0.2216748768473962
2022-07-08 21:58:00,1.01736,1.01737,1.01721,1.01727,41.0,0,0.0,,,,0.00014,0.00013,0.00023,1.0173,1.0174875907273044,1.0174875907273044,1.01721,-1.0,3.833333333332805,1.017165813389757,0.1469194312795889
2022-07-08 21:59:00,1.01726,1.0174,1.01726,1.01739,69.0,0,0.0,,,,0.00014,0.00013,0.00023,1.01733,1.0173937953636525,1.0174,1.01726,-1.0,4.024390243902327,1.0171706383355408,0.1928251121076536
2022-07-08 22:00:00,1.01739,1.01747,1.01733,1.01742,54.0,0,0.0,,,,0.00014,0.00014,0.00023,1.0174,1.0173618976818262,1.01747,1.01733,-1.0,4.561643835615768,1.0171764695782204,0.1666666666666838
2022-07-08 22:01:00,1.01741,1.01741,1.01724,1.01725,47.0,0,0.0,,,,0.00014,0.00014,0.00023,1.01733,1.0173809488409131,1.01741,1.01724,-1.0,4.671232876711749,1.0171773851129005,0.0488888888889257
2022-07-08 22:02:00,1.01724,1.01736,1.01718,1.01734,36.0,0,0.0,,,,0.00014,0.00014,0.00023,1.01728,1.0173554744204565,1.01736,1.01718,-1.0,4.753424657533584,1.0171800592189095,0.0446428571428651
2022-07-08 22:03:00,1.01732,1.01744,1.01731,1.01742,32.0,0,0.0,,,,0.00014,0.00014,0.00022,1.01737,1.0173177372102282,1.01744,1.01731,-1.0,4.739726027396815,1.0171846303344032,0.1312217194569926
2022-07-08 22:04:00,1.01742,1.01772,1.01742,1.0177,42.0,0,0.0,,,,0.00015,0.00014,0.00022,1.01757,1.0173438686051142,1.01772,1.0173438686051142,1.0,5.054794520547382,1.01720317955249,0.2289156626506174
2022-07-08 22:05:00,1.0177,1.01774,1.01755,1.01769,53.0,0,0.0,,,,0.00016,0.00015,0.00022,1.01767,1.0174569343025572,1.01774,1.0174569343025572,1.0,5.205479452054282,1.017220701225287,0.2239999999999822
2022-07-08 22:06:00,1.0177,1.0177,1.01753,1.01755,35.0,0,0.0,,,,0.00016,0.00015,0.00022,1.01762,1.0175634671512783,1.0177,1.01753,1.0,5.232876712328429,1.0172290561599815,0.1120000000000255
2022-07-08 22:07:00,1.01756,1.01759,1.01746,1.01746,26.0,0,0.0,,,,0.00015,0.00015,0.00022,1.01752,1.0175917335756393,1.0175917335756393,1.01746,1.0,5.205479452054282,1.0172340922375216,0.0817120622568274
2022-07-08 22:08:00,1.01746,1.01758,1.01742,1.01754,32.0,0,0.0,,,,0.00016,0.00016,0.00022,1.0175,1.0175558667878195,1.01758,1.01742,-1.0,5.273972602739347,1.0172409870931158,0.08527131782942
2022-07-08 22:09:00,1.01755,1.01756,1.01746,1.01747,30.0,0,0.0,,,,0.00015,0.00016,0.00022,1.01751,1.0175279333939098,1.01756,1.01746,-1.0,5.287671232876116,1.0172463764766457,0.0727969348659642
2022-07-08 22:10:00,1.01746,1.01747,1.01737,1.01743,35.0,0,0.0,,,,0.00015,0.00015,0.00022,1.01743,1.0175189666969549,1.0175189666969549,1.01737,-1.0,5.150684931506291,1.0172505151675602,0.1290322580645767
2022-07-08 22:11:00,1.01744,1.01747,1.01743,1.01745,19.0,0,0.0,,,,0.00014,0.00015,0.00022,1.01745,1.0174744833484777,1.0174744833484777,1.01743,-1.0,6.050847457626691,1.017254151414311,0.0769230769231207
2022-07-08 22:12:00,1.01745,1.01756,1.01745,1.01754,37.0,0,0.0,,,,0.00014,0.00015,0.00022,1.0175,1.0174622416742387,1.01756,1.01745,-1.0,6.016949152542105,1.017260073541153,0.0649350649350274
2022-07-08 22:13:00,1.01755,1.01759,1.01747,1.01747,43.0,0,0.0,,,,0.00014,0.00014,0.00022,1.01752,1.0174811208371195,1.01759,1.01747,1.0,6.152542372880826,1.0172647263259311,0.0212765957447331
2022-07-08 22:14:00,1.01748,1.01751,1.01742,1.01747,34.0,0,0.0,,,,0.00013,0.00014,0.00022,1.01747,1.0175005604185596,1.01751,1.01742,-1.0,6.084745762711278,1.0172704933681438,0.017699115044173
2022-07-08 22:15:00,1.01748,1.01752,1.01745,1.01748,48.0,0,0.0,,,,0.00013,0.00014,0.00022,1.01748,1.01748528020928,1.01752,1.01745,-1.0,6.050847457626691,1.0172767176727082,0.0088495575221847
2022-07-08 22:16:00,1.01749,1.01762,1.01748,1.01756,31.0,0,0.0,,,,0.00013,0.00013,0.00022,1.01754,1.01748264010464,1.01762,1.01748,1.0,5.947368421053452,1.0172857372644173,0.0909090909090716
2022-07-08 22:17:00,1.01756,1.01762,1.01755,1.01761,26.0,0,0.0,,,,0.00013,0.00013,0.00022,1.01758,1.01751132005232,1.01762,1.01751132005232,1.0,5.928571428570579,1.0172959229658671,0.0099009900990773
2022-07-08 22:18:00,1.01761,1.01764,1.01756,1.01757,37.0,0,0.0,,,,0.00012,0.00013,0.00022,1.0176,1.01754566002616,1.01764,1.01754566002616,1.0,5.732142857142347,1.0173036425256021,0.0582010582011091
2022-07-08 22:19:00,1.01757,1.0176,1.01757,1.01757,24.0,0,0.0,,,,0.00012,0.00013,0.00022,1.01758,1.01757283001308,1.0176,1.01757,1.0,5.482142857142347,1.0173103863356625,0.0378378378378611
2022-07-08 22:20:00,1.01757,1.01762,1.01756,1.01757,15.0,0,0.0,,,,0.00011,0.00012,0.00022,1.01758,1.0175764150065398,1.01762,1.01756,1.0,5.446428571427835,1.017315829881331,0.0219780219780528
2022-07-08 22:21:00,1.01757,1.01758,1.01747,1.01751,52.0,0,0.0,,,,0.00011,0.00012,0.00022,1.01753,1.01757820750327,1.01758,1.01747,-1.0,5.339285714284695,1.0173190626824742,0.0751445086705276
2022-07-08 22:22:00,1.0175,1.01756,1.01745,1.01755,47.0,0,0.0,,,,0.00011,0.00011,0.00022,1.01751,1.017554103751635,1.01756,1.01745,-1.0,5.249999999998811,1.0173242652227314,0.1686746987952838
2022-07-08 22:23:00,1.01754,1.01771,1.01754,1.0177,26.0,0,0.0,,,,0.00012,0.00011,0.00021,1.01762,1.0175320518758175,1.01771,1.0175320518758175,1.0,5.303571428570183,1.0173366970294275,0.1834319526628167
2022-07-08 22:24:00,1.0177,1.0177,1.01762,1.01762,32.0,0,0.0,,,,0.00011,0.00011,0.00021,1.01766,1.0175760259379087,1.0177,1.0175760259379087,1.0,5.196428571427439,1.017344304760728,0.1149425287356585
2022-07-08 22:25:00,1.01761,1.01761,1.01749,1.0175,23.0,0,0.0,,,,0.00011,0.00011,0.00021,1.01755,1.0176180129689545,1.0176180129689545,1.01749,1.0,5.107142857141555,1.017347508140672,0.1479289940829506
2022-07-08 22:26:00,1.01749,1.01749,1.01736,1.01739,48.0,0,0.0,,,,0.00012,0.00011,0.00021,1.01743,1.0175840064844772,1.0175840064844772,1.01736,-1.0,6.534883720927351,1.0173480471704586,0.0292397660819427
2022-07-08 22:27:00,1.01738,1.01757,1.01736,1.01756,44.0,0,0.0,,,,0.00012,0.00012,0.00021,1.01747,1.0175070032422386,1.01757,1.01736,-1.0,7.605263157893368,1.0173513296326333,0.0777777777778216
2022-07-08 22:28:00,1.01755,1.01757,1.01751,1.01752,55.0,0,0.0,,,,0.00012,0.00012,0.00021,1.01754,1.0174885016211197,1.01757,1.0174885016211197,-1.0,6.973684210525563,1.0173531908351496,0.1153846153847084
2022-07-08 22:29:00,1.01752,1.01766,1.01752,1.01756,35.0,0,0.0,,,,0.00012,0.00012,0.00021,1.01756,1.0175142508105597,1.01766,1.0175142508105597,1.0,7.428571428574419,1.017356569827252,0.0817610062893204
2022-07-08 22:30:00,1.01757,1.01758,1.01746,1.01746,51.0,0,0.0,,,,0.00012,0.00012,0.00021,1.01752,1.01753712540528,1.01758,1.01746,1.0,7.285714285716914,1.017357865885826,0.05806451612901
2022-07-08 22:31:00,1.01746,1.01747,1.01738,1.01739,30.0,0,0.0,,,,0.00012,0.00012,0.00021,1.01743,1.01752856270264,1.01752856270264,1.01738,-1.0,7.171428571431671,1.017358195421993,0.0457516339869565
2022-07-08 22:32:00,1.0174,1.01746,1.01737,1.01744,56.0,0,0.0,,,,0.00012,0.00012,0.00021,1.01742,1.01747928135132,1.01747928135132,1.01737,-1.0,6.971428571431544,1.0173588443316959,0.0666666666666864
2022-07-08 22:33:00,1.01746,1.01746,1.0174,1.01742,31.0,0,0.0,,,,0.00011,0.00012,0.00021,1.01743,1.01744964067566,1.01746,1.0174,-1.0,6.857142857145667,1.017359329445213,0.0344827586207741
2022-07-08 22:34:00,1.01742,1.01744,1.01736,1.01744,26.0,0,0.0,,,,0.00011,0.00012,0.00021,1.01741,1.01743982033783,1.01744,1.01736,-1.0,6.80000000000241,1.0173598725952198,0.0069930069929005
2022-07-08 22:35:00,1.01744,1.01748,1.01741,1.01742,32.0,0,0.0,,,,0.00011,0.00011,0.00021,1.01744,1.017424910168915,1.01748,1.01741,1.0,6.88571428571666,1.0173603078068973,0.0209790209790122
2022-07-08 22:36:00,1.01741,1.01748,1.0174,1.01745,49.0,0,0.0,,,,0.0001,0.00011,0.00021,1.01744,1.0174324550844576,1.01748,1.0174,1.0,6.800000000001776,1.0173615192022754,0.0656934306569059
2022-07-08 22:37:00,1.01744,1.01748,1.01737,1.01738,27.0,0,0.0,,,,0.00011,0.00011,0.00021,1.01742,1.0174362275422286,1.01748,1.01737,1.0,6.771428571430149,1.0173616423528575,0.0656934306570573
2022-07-08 22:38:00,1.01738,1.01751,1.01737,1.01749,24.0,0,0.0,,,,0.00011,0.00011,0.00021,1.01744,1.0174281137711143,1.01751,1.01737,1.0,6.914285714287019,1.0173624662234564,0.0135135135134547
2022-07-08 22:39:00,1.0175,1.0176,1.0175,1.01757,23.0,0,0.0,,,,0.00011,0.00011,0.00021,1.01754,1.017434056885557,1.0176,1.017434056885557,1.0,7.000000000001269,1.0173640593890552,0.0580645161291283
2022-07-08 22:40:00,1.01756,1.01762,1.01754,1.01762,26.0,0,0.0,,,,0.00011,0.00011,0.00021,1.01758,1.0174870284427784,1.01762,1.0174870284427784,1.0,6.82857142857277,1.0173657649017567,0.0394736842104994
2022-07-08 22:41:00,1.01762,1.01762,1.01754,1.01757,19.0,0,0.0,,,,0.0001,0.00011,0.0002,1.01759,1.0175335142213893,1.01762,1.0175335142213893,1.0,6.857142857144398,1.0173669228198878,0.0263157894735688
2022-07-08 22:42:00,1.01757,1.01757,1.01752,1.01753,15.0,0,0.0,,,,0.0001,0.00011,0.0002,1.01755,1.0175617571106947,1.01757,1.01752,1.0,6.771428571430149,1.0173685640346777,0.0263157894737111
2022-07-08 22:43:00,1.01753,1.01756,1.01751,1.01756,17.0,0,0.0,,,,0.0001,0.0001,0.0002,1.01754,1.0175558785553471,1.01756,1.01751,-1.0,6.8285714285734045,1.0173696753679373,0.0064516129032683
2022-07-08 22:44:00,1.01756,1.01769,1.01754,1.01768,19.0,0,0.0,,,,0.0001,0.0001,0.0002,1.01762,1.0175479392776736,1.01769,1.01754,1.0,7.085714285716787,1.017372886768815,0.0658682634729599
2022-07-08 22:45:00,1.01767,1.01767,1.01759,1.01761,23.0,0,0.0,,,,0.0001,0.0001,0.0002,1.01763,1.017583969638837,1.01767,1.017583969638837,1.0,7.000000000003172,1.017374518920556,0.0595238095238142
2022-07-08 22:46:00,1.01761,1.01767,1.0176,1.01767,13.0,0,0.0,,,,0.0001,0.0001,0.0002,1.01764,1.0176069848194185,1.01767,1.0176,1.0,6.885714285717294,1.0173767969298846,0.070588235294196
2022-07-08 22:47:00,1.01767,1.0178,1.01766,1.0178,16.0,0,0.0,,,,0.0001,0.0001,0.0002,1.01773,1.0176234924097094,1.0178,1.0176234924097094,1.0,5.40909090909107,1.0173844832079695,0.0595238095238142
2022-07-08 22:48:00,1.01779,1.01781,1.01772,1.0178,39.0,0,0.0,,,,0.0001,0.0001,0.0002,1.01778,1.0176767462048546,1.01781,1.0176767462048546,1.0,5.311111111110639,1.017394590064713,0.1125000000000711
2022-07-08 22:49:00,1.01781,1.0179,1.01776,1.0179,46.0,0,0.0,,,,0.0001,0.0001,0.0002,1.01784,1.0177283731024271,1.0179,1.0177283731024271,1.0,4.462962962963542,1.0174064237795453,0.2531645569620466
2022-07-08 22:50:00,1.01788,1.01792,1.01782,1.01792,29.0,0,0.0,,,,0.0001,0.0001,0.0002,1.01788,1.0177841865512136,1.01792,1.0177841865512136,1.0,4.250000000001289,1.0174182165054937,0.3557046979866312
2022-07-08 22:51:00,1.01792,1.01798,1.01784,1.01785,37.0,0,0.0,,,,0.00011,0.0001,0.0002,1.0179,1.0178320932756066,1.01798,1.0178320932756066,1.0,3.725806451612926,1.0174309967777324,0.2086330935251752
2022-07-08 22:52:00,1.01784,1.01786,1.01782,1.01785,37.0,0,0.0,,,,0.0001,0.0001,0.0002,1.01784,1.0178660466378031,1.0178660466378031,1.01782,1.0,3.693548387096589,1.017441513721498,0.2444444444444883
2022-07-08 22:53:00,1.01786,1.0179,1.01785,1.01789,23.0,0,0.0,,,,0.0001,0.0001,0.0002,1.01788,1.0178530233189016,1.0179,1.01785,1.0,3.548387096774148,1.0174518940385509,0.2444444444444883
2022-07-08 22:54:00,1.01788,1.01788,1.0178,1.01787,36.0,0,0.0,,,,0.0001,0.0001,0.0002,1.01786,1.0178665116594507,1.01788,1.0178,-1.0,3.483870967741832,1.0174559904595577,0.322834645669451
2022-07-08 22:55:00,1.01786,1.01787,1.0178,1.0178,31.0,0,0.0,,,,9e-05,0.0001,0.0002,1.01783,1.0178632558297254,1.01787,1.0178,-1.0,3.4516129032254947,1.017458557073096,0.322834645669451
2022-07-08 22:56:00,1.0178,1.0178,1.01759,1.0176,27.0,0,0.0,,,,0.0001,0.0001,0.0002,1.0177,1.0178466279148628,1.0178466279148628,1.01759,-1.0,3.645161290322442,1.0174593370598168,0.1126760563381779
2022-07-08 22:57:00,1.01761,1.01766,1.01759,1.0176,26.0,0,0.0,,,,0.0001,0.0001,0.0002,1.01761,1.0177733139574314,1.0177733139574314,1.01759,-1.0,3.6612903225806095,1.017460543640319,0.1285714285715124
2022-07-08 22:58:00,1.01761,1.01773,1.01761,1.01772,38.0,0,0.0,,,,0.0001,0.0001,0.0002,1.01767,1.0176916569787156,1.01773,1.01761,-1.0,3.786885245902427,1.017463147021458,0.1866666666667535
2022-07-08 22:59:00,1.01773,1.01786,1.01769,1.01786,39.0,0,0.0,,,,0.00011,0.0001,0.00019,1.01778,1.017680828489358,1.01786,1.017680828489358,1.0,3.950819672131917,1.0174709283367962,0.2716049382716472
2022-07-08 23:00:00,1.01785,1.0179,1.01778,1.01789,55.0,0,0.0,,,,0.00011,0.0001,0.00019,1.01785,1.0177304142446788,1.0179,1.0177304142446788,1.0,4.016393442624151,1.0174808499452916,0.2716049382716472
2022-07-08 23:01:00,1.01791,1.01806,1.01791,1.01802,57.0,0,0.0,,,,0.00011,0.00011,0.00019,1.01797,1.0177902071223397,1.01806,1.0177902071223397,1.0,3.608695652175774,1.0174966964781245,0.3809523809524376
2022-07-08 23:02:00,1.01803,1.01811,1.01802,1.01802,38.0,0,0.0,,,,0.00011,0.00011,0.00019,1.01804,1.0178801035611698,1.01811,1.0178801035611698,1.0,4.00000000000182,1.017509620814652,0.3375796178344237
2022-07-08 23:03:00,1.01802,1.01803,1.01798,1.01798,23.0,0,0.0,,,,0.00011,0.00011,0.00019,1.018,1.017960051780585,1.01803,1.017960051780585,1.0,3.983333333333968,1.0175222567400712,0.2679738562092755
2022-07-08 23:04:00,1.01799,1.01803,1.01799,1.01803,15.0,0,0.0,,,,0.0001,0.00011,0.00019,1.01801,1.0179800258902925,1.01803,1.0179800258902925,1.0,3.9166666666672527,1.0175372614086795,0.2679738562092755
2022-07-08 23:05:00,1.01803,1.01806,1.01803,1.01806,4.0,0,0.0,,,,0.0001,0.00011,0.00019,1.01804,1.0179950129451465,1.01806,1.0179950129451465,1.0,3.833333333333765,1.0175532771269526,0.3245033112583151
2022-07-08 23:06:00,1.01806,1.01814,1.01806,1.0181,11.0,0,0.0,,,,0.0001,0.0001,0.00019,1.01809,1.0180175064725732,1.01814,1.0180175064725732,1.0,3.698412698413253,1.0175688430535021,0.3774834437087183
2022-07-08 23:07:00,1.0181,1.01813,1.01809,1.0181,19.0,0,0.0,,,,9e-05,0.0001,0.00019,1.0181,1.0180537532362866,1.01813,1.0180537532362866,1.0,3.866666666666938,1.017582547084058,0.3648648648649824
2022-07-08 23:08:00,1.0181,1.01811,1.01799,1.018,20.0,0,0.0,,,,9e-05,0.0001,0.00019,1.01805,1.0180768766181432,1.01811,1.01799,-1.0,4.163636363637421,1.0175915972649576,0.219178082191912
2022-07-08 23:09:00,1.018,1.018,1.01796,1.01796,4.0,1,0.0,,,,9e-05,9e-05,0.00019,1.01798,1.0180634383090714,1.0180634383090714,1.01796,-1.0,4.090909090910082,1.0175986740360632,0.2447552447553642
2022-07-08 23:10:00,1.01796,1.01803,1.01796,1.01803,12.0,0,0.0,,,,9e-05,9e-05,0.00019,1.01799,1.0180217191545358,1.01803,1.01796,-1.0,4.090909090910082,1.0176083797291438,0.2500000000000385
2022-07-08 23:11:00,1.01802,1.01806,1.01801,1.01805,23.0,0,0.0,,,,9e-05,9e-05,0.00019,1.01804,1.018005859577268,1.01806,1.018005859577268,-1.0,3.927272727273469,1.0176205679431227,0.1879699248120125
2022-07-08 23:12:00,1.01805,1.01809,1.01805,1.01808,16.0,0,0.0,,,,8e-05,9e-05,0.00019,1.01807,1.0180229297886338,1.01809,1.0180229297886338,1.0,3.836363636364194,1.0176330093525354,0.2058823529412821
2022-07-08 23:13:00,1.01809,1.01819,1.01803,1.01803,30.0,0,0.0,,,,9e-05,9e-05,0.00019,1.01808,1.0180464648943168,1.01819,1.01803,1.0,3.550000000001073,1.017639597605231,0.0992366412213688
2022-07-08 23:14:00,1.01803,1.01803,1.01796,1.01796,26.0,0,0.0,,,,9e-05,9e-05,0.00019,1.01799,1.0180632324471586,1.0180632324471586,1.01796,-1.0,3.5000000000011102,1.0176450949640243,0.0294117647059159
2022-07-08 23:15:00,1.01796,1.01799,1.01796,1.01799,8.0,0,0.0,,,,8e-05,9e-05,0.00019,1.01797,1.0180266162235792,1.0180266162235792,1.01796,-1.0,3.316666666667666,1.0176542808329667,0.1060606060606468
2022-07-08 23:16:00,1.01798,1.01799,1.01777,1.01778,29.0,0,0.0,,,,9e-05,9e-05,0.00019,1.01788,1.0179983081117896,1.0179983081117896,1.01777,-1.0,3.616666666667444,1.0176567631158246,0.0457516339869432
2022-07-08 23:17:00,1.01778,1.01779,1.01767,1.01769,47.0,0,0.0,,,,9e-05,9e-05,0.00019,1.01773,1.0179391540558949,1.0179391540558949,1.01767,-1.0,3.7333333333337775,1.0176570354703756,0.1265822784810233
2022-07-08 23:18:00,1.01769,1.01772,1.01768,1.01772,10.0,0,0.0,,,,9e-05,9e-05,0.00018,1.0177,1.017834577027947,1.017834577027947,1.01768,-1.0,3.666666666667407,1.0176577251593124,0.0943396226415832
2022-07-08 23:19:00,1.01772,1.01782,1.01772,1.01782,10.0,0,0.0,,,,9e-05,9e-05,0.00018,1.01777,1.0177672885139737,1.01782,1.01772,-1.0,3.71666666666737,1.0176598966706163,0.0123456790122915
2022-07-08 23:20:00,1.01782,1.01808,1.0178,1.01808,23.0,0,0.0,,,,0.0001,9e-05,0.00018,1.01795,1.0177686442569869,1.01808,1.0177686442569869,1.0,3.833333333334073,1.0176735773972068,0.2857142857143235
2022-07-08 23:21:00,1.0181,1.0181,1.01801,1.01802,25.0,0,0.0,,,,0.0001,9e-05,0.00018,1.01806,1.0178593221284933,1.0181,1.0178593221284933,1.0,4.0,1.0176851401309628,0.2413793103447395
2022-07-08 23:22:00,1.01801,1.01802,1.018,1.01801,9.0,0,0.0,,,,0.0001,0.0001,0.00018,1.01801,1.0179596610642467,1.01802,1.0179596610642467,1.0,4.269230769231755,1.0176948391882525,0.1779141104295214
2022-07-08 23:23:00,1.01801,1.01801,1.01796,1.01796,10.0,0,0.0,,,,9e-05,0.0001,0.00018,1.01798,1.0179848305321233,1.01801,1.01796,1.0,4.038461538462656,1.0177021573231428,0.0649350649350537
2022-07-08 23:24:00,1.01795,1.01804,1.01794,1.01801,10.0,0,0.0,,,,9e-05,0.0001,0.00018,1.01799,1.0179824152660617,1.01804,1.01794,-1.0,4.000000000000854,1.017711135592184,0.0769230769231426
2022-07-08 23:25:00,1.01801,1.01803,1.01801,1.01802,12.0,0,0.0,,,,9e-05,9e-05,0.00018,1.01802,1.0179862076330308,1.01803,1.0179862076330308,-1.0,3.750000000000854,1.0177207812065674,0.0
2022-07-08 23:26:00,1.01802,1.01819,1.01802,1.01818,20.0,0,0.0,,,,0.0001,9e-05,0.00018,1.0181,1.0180031038165154,1.01819,1.0180031038165154,1.0,3.903846153846778,1.0177383741692723,0.1000000000000832
2022-07-08 23:27:00,1.01817,1.01817,1.01814,1.01814,12.0,0,0.0,,,,9e-05,9e-05,0.00018,1.01815,1.0180515519082576,1.01817,1.0180515519082576,1.0,3.865384615385404,1.0177548202195674,0.0999999999999306
2022-07-08 23:28:00,1.01815,1.01833,1.01815,1.01829,22.0,0,0.0,,,,0.0001,9e-05,0.00018,1.01823,1.018100775954129,1.01833,1.018100775954129,1.0,3.2575757575758084,1.0177779487094554,0.1529411764705021
2022-07-08 23:29:00,1.01829,1.01836,1.01829,1.01834,35.0,0,0.0,,,,0.0001,0.0001,0.00018,1.01832,1.0181653879770645,1.01836,1.0181653879770645,1.0,3.173913043478471,1.0178012822318236,0.1627906976743945
2022-07-08 23:30:00,1.01835,1.01835,1.0183,1.0183,14.0,0,0.0,,,,9e-05,0.0001,0.00018,1.01832,1.0182426939885325,1.01835,1.0182426939885325,1.0,3.1304347826089334,1.0178188804526906,0.1162790697673878
2022-07-08 23:31:00,1.0183,1.01835,1.01827,1.01833,17.0,0,0.0,,,,9e-05,9e-05,0.00018,1.01831,1.0182813469942662,1.01835,1.01827,1.0,3.188405797101757,1.0178399832936857,0.1314285714285003
2022-07-08 23:32:00,1.01833,1.01834,1.01829,1.0183,27.0,0,0.0,,,,9e-05,9e-05,0.00018,1.01831,1.0182956734971331,1.01834,1.01829,1.0,3.0869565217393964,1.0178593995128034,0.1785714285713483
2022-07-08 23:33:00,1.0183,1.01833,1.01829,1.01833,7.0,0,0.0,,,,9e-05,9e-05,0.00018,1.01831,1.0183028367485667,1.01833,1.01829,1.0,3.0869565217393964,1.0178792624483246,0.2215568862274669
2022-07-08 23:34:00,1.01834,1.01835,1.0183,1.01833,14.0,0,0.0,,,,8e-05,9e-05,0.00018,1.01833,1.0183064183742834,1.01835,1.0183,1.0,3.0579710144931456,1.0178951908560039,0.1874999999999219
2022-07-08 23:35:00,1.01833,1.01834,1.01832,1.01834,3.0,1,0.0,,,,8e-05,9e-05,0.00018,1.01833,1.0183182091871417,1.01834,1.0183182091871417,1.0,3.01449275362393,1.0179140405668257,0.1823899371069217
2022-07-08 23:36:00,1.01833,1.01833,1.0183,1.0183,10.0,0,0.0,,,,8e-05,8e-05,0.00018,1.01831,1.018324104593571,1.01833,1.0183,1.0,3.0000000000006435,1.0179275783075068,0.1374999999998872
2022-07-08 23:37:00,1.0183,1.01833,1.0183,1.01833,5.0,1,0.0,,,,7e-05,8e-05,0.00018,1.01831,1.0183170522967857,1.01833,1.0183,1.0,2.8115942028992085,1.0179393802064525,0.1898734177214549
2022-07-08 23:38:00,1.01833,1.01834,1.01826,1.01831,18.0,1,0.0,,,,7e-05,8e-05,0.00017,1.01831,1.0183135261483929,1.01834,1.01826,-1.0,2.826086956522494,1.0179496597601585,0.22875816993465
2022-07-08 23:39:00,1.0183,1.01831,1.01816,1.01819,19.0,0,0.0,,,,8e-05,8e-05,0.00017,1.01824,1.0183117630741965,1.0183117630741965,1.01816,-1.0,3.000000000000965,1.0179532456510254,0.1234567901234127
2022-07-08 23:40:00,1.01816,1.01824,1.01816,1.01824,9.0,0,0.0,,,,8e-05,8e-05,0.00017,1.0182,1.0182758815370982,1.0182758815370982,1.01816,-1.0,2.797101449276566,1.0179579061865203,0.3150684931506724
2022-07-08 23:41:00,1.01824,1.01824,1.01818,1.0182,5.0,0,0.0,,,,8e-05,8e-05,0.00017,1.01822,1.0182379407685491,1.01824,1.01818,-1.0,2.7500000000006533,1.017962257861435,0.3617021276594337
2022-07-08 23:42:00,1.0182,1.01826,1.01816,1.01826,16.0,1,0.0,,,,8e-05,8e-05,0.00017,1.01822,1.0182289703842744,1.01826,1.01816,-1.0,3.0156250000007967,1.0179684673186766,0.3749999999998458
2022-07-08 23:43:00,1.01826,1.01831,1.01825,1.01829,8.0,1,0.0,,,,8e-05,8e-05,0.00017,1.01828,1.0182244851921372,1.01831,1.0182244851921372,1.0,3.375000000001338,1.01797501638768,0.3430656934305007
2022-07-08 23:44:00,1.01827,1.01829,1.01827,1.01829,8.0,0,0.0,,,,7e-05,8e-05,0.00017,1.01828,1.0182522425960685,1.01829,1.0182522425960685,1.0,3.880952380954206,1.0179818380867194,0.1891891891889621
2022-07-08 23:45:00,1.01829,1.01829,1.01822,1.01822,7.0,0,0.0,,,,7e-05,8e-05,0.00017,1.01825,1.0182661212980344,1.01829,1.01822,1.0,3.83333333333536,1.0179869960340904,0.1785714285713719
2022-07-08 23:46:00,1.01823,1.01823,1.0182,1.01822,5.0,1,0.0,,,,7e-05,7e-05,0.00017,1.01822,1.0182580606490172,1.0182580606490172,1.0182,-1.0,3.857142857145048,1.0179958607594382,0.1891891891889621
2022-07-08 23:47:00,1.01821,1.01829,1.01821,1.01829,6.0,0,0.0,,,,7e-05,7e-05,0.00017,1.01825,1.0182390303245086,1.01829,1.01821,-1.0,3.928571428573053,1.018008381600754,0.2920353982299598
2022-07-08 23:48:00,1.01829,1.01834,1.01829,1.01831,12.0,0,0.0,,,,7e-05,7e-05,0.00017,1.01831,1.0182445151622543,1.01834,1.0182445151622543,1.0,4.571428571431291,1.0180192760790334,0.2727272727271626
2022-07-08 23:49:00,1.01831,1.01839,1.01828,1.0183,24.0,0,0.0,,,,7e-05,7e-05,0.00017,1.01832,1.0182772575811272,1.01839,1.0182772575811272,1.0,4.567567567568314,1.0180267021220837,0.2545454545453811
2022-07-08 23:50:00,1.01831,1.01836,1.01828,1.01833,37.0,0,0.0,,,,7e-05,7e-05,0.00017,1.01832,1.0182986287905635,1.01836,1.01828,1.0,6.400000000003731,1.0180347253182926,0.1546391752575431
2022-07-08 23:51:00,1.01832,1.01833,1.01829,1.01833,12.0,0,0.0,,,,7e-05,7e-05,0.00017,1.01832,1.0183093143952815,1.01833,1.01829,1.0,6.708333333339501,1.0180402793961667,0.2043010752686529
2022-07-08 23:52:00,1.01833,1.01838,1.01831,1.01835,34.0,0,0.0,,,,7e-05,7e-05,0.00017,1.01834,1.018314657197641,1.01838,1.01831,1.0,6.521739130437343,1.0180464577573112,0.0750000000001595
2022-07-08 23:53:00,1.01837,1.01839,1.01834,1.01834,14.0,0,0.0,,,,7e-05,7e-05,0.00017,1.01836,1.0183273285988204,1.01839,1.0183273285988204,1.0,6.434782608697625,1.0180529916303964,0.0
2022-07-08 23:54:00,1.01835,1.01839,1.01833,1.01835,21.0,0,0.0,,,,7e-05,7e-05,0.00017,1.01835,1.01834366429941,1.01839,1.01833,1.0,6.478260869566519,1.0180588947527702,0.0684931506850231
2022-07-08 23:55:00,1.01835,1.01847,1.01834,1.01846,7.0,2,0.0,,,,7e-05,7e-05,0.00017,1.01841,1.0183468321497051,1.01847,1.01834,1.0,4.967741935482946,1.0180688010862486,0.1604938271603652
2022-07-08 23:56:00,1.01846,1.01856,1.01843,1.0185,33.0,0,0.0,,,,8e-05,7e-05,0.00017,1.01849,1.0183784160748526,1.01856,1.0183784160748526,1.0,4.049999999999778,1.0180794506608046,0.2439024390242185
2022-07-08 23:57:00,1.01849,1.01849,1.01841,1.01848,10.0,11,0.0,,,,8e-05,7e-05,0.00016,1.01847,1.0184342080374262,1.01849,1.01841,1.0,4.149999999999334,1.0180886868110282,0.1851851851852055
2022-07-08 23:58:00,1.01848,1.01859,1.01848,1.01858,28.0,7,0.0,,,,8e-05,8e-05,0.00016,1.01853,1.0184521040187131,,,1.0,3.999999999997418,1.0181079125932848,
